arquivo,funcoes,cc_media,cc_max,cc_soma,pior_rank,pior_classe,pior_funcao,pior_linha_ini
samtranslator/feature_toggle/dialup.py,10,1.0,1,10,A,BaseDialup,__init__,8
samtranslator/internal/managed_policies.py,1,1.0,1,1,A,,get_bundled_managed_policy_map,8
samtranslator/model/iam.py,12,1.0,1,12,A,IAMRolePolicies,construct_assume_role_policy_for_service_principal,46
samtranslator/model/naming.py,2,1.0,1,2,A,GeneratedLogicalId,implicit_api,9
samtranslator/model/sqs.py,2,1.0,1,2,A,SQSQueuePolicies,sns_topic_send_message_role_policy,31
samtranslator/plugins/exceptions.py,2,1.0,1,2,A,InvalidPluginException,__init__,9
samtranslator/policy_template_processor/exceptions.py,3,1.0,1,3,A,TemplateNotFoundException,__init__,6
samtranslator/translator/transform.py,2,1.0,1,2,A,,transform,11
samtranslator/plugins/__init__.py,6,1.17,2,7,A,BasePlugin,name,40
samtranslator/internal/deprecation_control.py,4,1.25,2,5,A,,_make_message,24
samtranslator/model/eventsources/cloudwatchlogs.py,3,1.33,2,4,A,CloudWatchLogs,to_cloudformation,25
samtranslator/model/exceptions.py,23,1.39,4,32,A,InvalidDocumentException,metadata,47
samtranslator/internal/schema_source/common.py,4,1.5,2,6,A,,passthrough_prop,44
samtranslator/model/events.py,2,1.5,2,3,A,,generate_valid_target_id,25
samtranslator/plugins/api/implicit_rest_api_plugin.py,4,1.5,3,6,A,ImplicitRestApiPlugin,_process_api_events,38
samtranslator/policy_template_processor/processor.py,8,1.5,3,12,A,PolicyTemplatesProcessor,_is_valid_templates_dict,106
samtranslator/metrics/method_decorator.py,9,1.67,5,15,A,,_get_metric_name,43
samtranslator/metrics/metrics.py,15,1.67,4,25,A,CWMetricsPublisher,_flush_metrics,57
samtranslator/internal/utils/utils.py,2,2.0,3,4,A,,remove_none_values,7
samtranslator/model/xray_utils.py,1,2.0,2,2,A,,get_xray_managed_policy_name,4
samtranslator/translator/logical_id_generator.py,4,2.0,3,8,A,LogicalIdGenerator,get_hash,49
samtranslator/translator/managed_policy_translator.py,3,2.0,3,6,A,ManagedPolicyLoader,_load_policies_from_iam,18
samtranslator/validator/value_validator.py,11,2.09,6,23,B,_ResourcePropertyValueValidator,to_be_a,45
samtranslator/feature_toggle/feature_toggle.py,10,2.1,9,21,B,FeatureToggle,is_enabled,62
samtranslator/internal/schema_source/schema.py,8,2.12,5,17,A,,extend_with_cfn_schema,133
samtranslator/intrinsics/resource_refs.py,6,2.17,7,13,B,SupportedResourceReferences,add,16
samtranslator/sdk/resource.py,4,2.25,4,9,A,SamResource,valid,35
samtranslator/model/intrinsics.py,19,2.26,8,43,B,,get_logical_id_from_intrinsic,206
samtranslator/sdk/template.py,7,2.29,6,16,B,SamTemplate,iterate,25
samtranslator/plugins/api/implicit_http_api_plugin.py,5,2.4,6,12,B,ImplicitHttpApiPlugin,_process_api_events,36
samtranslator/intrinsics/resolver.py,11,2.45,7,27,B,IntrinsicsResolver,__init__,14
samtranslator/translator/arn_generator.py,6,2.5,5,15,A,ArnGenerator,generate_arn,39
samtranslator/model/apigatewayv2.py,23,2.61,8,60,B,ApiGatewayV2Authorizer,generate_openapi,384
samtranslator/model/types.py,13,2.62,7,34,B,,validate,89
samtranslator/utils/traverse.py,3,2.67,4,8,A,,traverse,6
samtranslator/policy_template_processor/template.py,7,2.71,7,19,B,,_traverse,88
samtranslator/plugins/policies/policy_templates_plugin.py,5,2.8,6,14,B,PolicyTemplatesForResourcePlugin,on_before_transform_resource,33
samtranslator/open_api/base_editor.py,16,2.88,6,46,B,BaseEditor,get_conditional_contents,29
samtranslator/validator/validator.py,9,2.89,7,26,B,SamTemplateValidator,_process_error,112
samtranslator/parser/parser.py,4,3.0,8,12,B,Parser,validate_datatypes,26
samtranslator/utils/cfn_dynamic_references.py,1,3.0,3,3,A,,is_dynamic_reference,5
samtranslator/model/connector/connector.py,14,3.07,8,43,B,,get_resource_reference,110
samtranslator/model/connector_profiles/profile.py,7,3.14,9,22,B,,_profile_replace_str,60
samtranslator/third_party/py27hash/hash.py,6,3.17,6,19,B,Hash,hash,36
samtranslator/plugins/application/serverless_app_plugin.py,22,3.23,11,71,C,ServerlessAppPlugin,on_after_transform_template,358
samtranslator/intrinsics/actions.py,24,3.25,12,78,C,FindInMapAction,resolve_parameter_refs,570
samtranslator/utils/actions.py,4,3.25,9,13,B,ResolveDependsOn,execute,27
samtranslator/model/preferences/deployment_preference_collection.py,20,3.3,9,66,B,DeploymentPreferenceCollection,get_codedeploy_iam_role,155
samtranslator/plugins/globals/globals.py,16,3.31,10,53,B,Globals,fix_openapi_definitions,237
samtranslator/plugins/sam_plugins.py,6,3.33,6,20,B,SamPlugins,act,109
samtranslator/model/resource_policies.py,8,3.38,7,27,B,ResourcePolicies,_get_type,113
samtranslator/utils/py27hash_fix.py,49,3.39,23,166,D,,_template_has_httpapi_resource_with_default_authorizer,636
samtranslator/utils/utils.py,5,3.4,5,17,A,,dict_deep_get,34
samtranslator/model/eventsources/pull.py,46,3.48,18,160,C,PullEventSource,_link_policy,266
samtranslator/region_configuration.py,2,3.5,5,7,A,RegionConfiguration,is_service_supported,24
samtranslator/yaml_helper.py,2,3.5,6,7,B,,intrinsics_multi_constructor,14
samtranslator/model/__init__.py,42,3.5,15,147,C,SamResourceMacro,validate_before_transform,718
samtranslator/model/capacity_provider/generators.py,9,3.67,12,33,C,CapacityProviderGenerator,_create_capacity_provider,92
samtranslator/model/api/apiv2_generator.py,14,3.86,9,54,B,ApiV2Generator,_construct_route53_recordsetgroup,181
samtranslator/model/stepfunctions/events.py,11,3.91,8,43,B,Schedule,to_cloudformation,118
samtranslator/internal/intrinsics.py,1,4.0,4,4,A,,resolve_string_parameter_in_resource,7
samtranslator/model/update_policy.py,1,4.0,4,4,A,UpdatePolicy,to_dict,25
samtranslator/model/tags/resource_tagging.py,1,4.0,4,4,A,,get_tag_list,8
samtranslator/plugins/globals/globals_plugin.py,1,4.0,4,4,A,GlobalsPlugin,on_before_transform_template,19
samtranslator/translator/verify_logical_id.py,1,4.0,4,4,A,,verify_unique_logical_id,26
samtranslator/model/apigateway.py,22,4.05,11,89,C,ApiGatewayAuthorizer,generate_swagger,415
samtranslator/translator/translator.py,16,4.06,9,65,B,Translator,_get_function_names,74
samtranslator/model/stepfunctions/generators.py,13,4.23,12,55,C,StateMachineGenerator,to_cloudformation,109
samtranslator/model/eventbridge_utils.py,3,4.33,7,13,B,EventBridgeRuleUtils,validate_dlq_config,27
samtranslator/sdk/parameter.py,3,4.33,7,13,B,SamParameterValues,add_default_parameter_values,24
samtranslator/plugins/api/implicit_api_plugin.py,19,4.47,12,85,C,ImplicitApiPlugin,_maybe_add_update_replace_policy_to_implicit_api,345
samtranslator/model/sam_resources.py,96,4.68,15,449,C,SamFunction,_construct_code_dict,1103
samtranslator/model/api/websocket_api_generator.py,14,4.71,11,66,C,WebSocketApiGenerator,_to_cloudformation,385
samtranslator/model/api/api_generator.py,61,4.85,16,296,C,ApiGenerator,_add_cors,1062
samtranslator/model/eventsources/scheduler.py,5,5.0,6,25,B,SchedulerEventSource,_construct_scheduler_schedule_without_target,134
samtranslator/model/eventsources/push.py,47,5.21,14,245,C,Api,_add_request_model_to_swagger,918
samtranslator/swagger/swagger.py,45,5.22,15,235,C,SwaggerEditor,add_lambda_integration,121
samtranslator/open_api/open_api.py,20,5.3,11,106,C,OpenApiEditor,add_cors,422
samtranslator/model/api/http_api_generator.py,15,5.73,11,86,C,HttpApiGenerator,_add_cors,189
samtranslator/model/s3_utils/uri_parser.py,4,5.75,10,23,B,,construct_s3_location_object,77
samtranslator/model/preferences/deployment_preference.py,1,8.0,8,8,B,DeploymentPreference,from_dict,53
samtranslator/model/role_utils/role_constructor.py,3,8.0,12,24,C,,construct_role_for_resource,92
samtranslator/plugins/api/default_definition_body_plugin.py,1,8.0,8,8,B,DefaultDefinitionBodyPlugin,on_before_transform_template,18
samtranslator/internal/model/appsync.py,0,,,,,,,
samtranslator/internal/schema_source/any_cfn_resource.py,0,,,,,,,
samtranslator/internal/schema_source/aws_serverless_api.py,0,,,,,,,
samtranslator/internal/schema_source/aws_serverless_application.py,0,,,,,,,
samtranslator/internal/schema_source/aws_serverless_capacity_provider.py,0,,,,,,,
samtranslator/internal/schema_source/aws_serverless_connector.py,0,,,,,,,
samtranslator/internal/schema_source/aws_serverless_function.py,0,,,,,,,
samtranslator/internal/schema_source/aws_serverless_graphqlapi.py,0,,,,,,,
samtranslator/internal/schema_source/aws_serverless_httpapi.py,0,,,,,,,
samtranslator/internal/schema_source/aws_serverless_layerversion.py,0,,,,,,,
samtranslator/internal/schema_source/aws_serverless_simpletable.py,0,,,,,,,
samtranslator/internal/schema_source/aws_serverless_statemachine.py,0,,,,,,,
samtranslator/internal/schema_source/aws_serverless_websocketapi.py,0,,,,,,,
samtranslator/model/cloudformation.py,0,,,,,,,
samtranslator/model/codedeploy.py,0,,,,,,,
samtranslator/model/cognito.py,0,,,,,,,
samtranslator/model/dynamodb.py,0,,,,,,,
samtranslator/model/iot.py,0,,,,,,,
samtranslator/model/lambda_.py,0,,,,,,,
samtranslator/model/log.py,0,,,,,,,
samtranslator/model/route53.py,0,,,,,,,
samtranslator/model/s3.py,0,,,,,,,
samtranslator/model/scheduler.py,0,,,,,,,
samtranslator/model/sns.py,0,,,,,,,
samtranslator/model/capacity_provider/resources.py,0,,,,,,,
samtranslator/model/cfn_attributes/deletion_policy.py,0,,,,,,,
samtranslator/model/stepfunctions/resources.py,0,,,,,,,
