arquivo,mi,rank_mi
samtranslator/model/sam_resources.py,0.0,C
samtranslator/model/api/api_generator.py,0.0,C
samtranslator/model/eventsources/push.py,1.8011,C
samtranslator/swagger/swagger.py,11.5834,B
samtranslator/model/eventsources/pull.py,13.9771,B
samtranslator/internal/schema_source/aws_serverless_function.py,16.7924,B
samtranslator/model/apigateway.py,26.0158,A
samtranslator/internal/schema_source/aws_serverless_api.py,26.7805,A
samtranslator/utils/py27hash_fix.py,26.963,A
samtranslator/internal/schema_source/aws_serverless_statemachine.py,27.1205,A
samtranslator/model/__init__.py,29.0673,A
samtranslator/model/lambda_.py,35.2544,A
samtranslator/internal/model/appsync.py,35.4205,A
samtranslator/model/stepfunctions/generators.py,35.6077,A
samtranslator/model/api/apiv2_generator.py,36.4612,A
samtranslator/model/api/http_api_generator.py,39.0715,A
samtranslator/internal/schema_source/aws_serverless_httpapi.py,39.7594,A
samtranslator/model/api/websocket_api_generator.py,40.1835,A
samtranslator/intrinsics/actions.py,40.2215,A
samtranslator/open_api/open_api.py,41.2061,A
samtranslator/model/apigatewayv2.py,43.6446,A
samtranslator/translator/translator.py,43.9373,A
samtranslator/plugins/api/implicit_api_plugin.py,44.4139,A
samtranslator/plugins/application/serverless_app_plugin.py,47.4735,A
samtranslator/internal/schema_source/aws_serverless_websocketapi.py,48.0271,A
samtranslator/internal/schema_source/aws_serverless_graphqlapi.py,48.1225,A
samtranslator/model/stepfunctions/events.py,49.0402,A
samtranslator/model/stepfunctions/resources.py,51.1535,A
samtranslator/internal/schema_source/aws_serverless_simpletable.py,51.9732,A
samtranslator/internal/schema_source/aws_serverless_layerversion.py,52.574,A
samtranslator/validator/validator.py,53.0201,A
samtranslator/model/preferences/deployment_preference_collection.py,53.9845,A
samtranslator/model/connector/connector.py,54.2526,A
samtranslator/plugins/globals/globals.py,54.9247,A
samtranslator/plugins/__init__.py,55.2125,A
samtranslator/model/scheduler.py,55.9674,A
samtranslator/model/iam.py,56.1845,A
samtranslator/intrinsics/resolver.py,56.6033,A
samtranslator/model/eventsources/scheduler.py,56.6394,A
samtranslator/internal/schema_source/aws_serverless_application.py,58.9775,A
samtranslator/open_api/base_editor.py,59.1011,A
samtranslator/policy_template_processor/processor.py,60.3534,A
samtranslator/internal/schema_source/aws_serverless_connector.py,60.5189,A
samtranslator/model/capacity_provider/generators.py,60.6514,A
samtranslator/model/intrinsics.py,60.7949,A
samtranslator/third_party/py27hash/hash.py,61.1731,A
samtranslator/plugins/sam_plugins.py,61.527,A
samtranslator/feature_toggle/feature_toggle.py,63.3289,A
samtranslator/internal/schema_source/schema.py,63.418,A
samtranslator/policy_template_processor/template.py,63.7713,A
samtranslator/model/exceptions.py,64.9806,A
samtranslator/model/resource_policies.py,65.5677,A
samtranslator/model/route53.py,66.3227,A
samtranslator/internal/intrinsics.py,66.9245,A
samtranslator/model/eventbridge_utils.py,68.1444,A
samtranslator/intrinsics/resource_refs.py,69.4175,A
samtranslator/model/role_utils/role_constructor.py,69.5218,A
samtranslator/sdk/parameter.py,70.103,A
samtranslator/internal/schema_source/aws_serverless_capacity_provider.py,70.902,A
samtranslator/model/s3_utils/uri_parser.py,71.4207,A
samtranslator/model/connector_profiles/profile.py,71.7751,A
samtranslator/sdk/template.py,72.8773,A
samtranslator/validator/value_validator.py,73.2949,A
samtranslator/internal/managed_policies.py,73.4203,A
samtranslator/translator/arn_generator.py,73.4325,A
samtranslator/metrics/metrics.py,73.612,A
samtranslator/utils/utils.py,74.811,A
samtranslator/plugins/api/implicit_http_api_plugin.py,75.0546,A
samtranslator/model/types.py,75.3952,A
samtranslator/internal/schema_source/common.py,75.9403,A
samtranslator/metrics/method_decorator.py,76.5835,A
samtranslator/plugins/policies/policy_templates_plugin.py,77.9781,A
samtranslator/parser/parser.py,78.4048,A
samtranslator/utils/actions.py,78.626,A
samtranslator/region_configuration.py,79.0721,A
samtranslator/sdk/resource.py,79.1265,A
samtranslator/model/capacity_provider/resources.py,80.1063,A
samtranslator/model/tags/resource_tagging.py,82.8239,A
samtranslator/feature_toggle/dialup.py,82.9063,A
samtranslator/translator/verify_logical_id.py,83.987,A
samtranslator/model/events.py,84.5448,A
samtranslator/translator/managed_policy_translator.py,84.6558,A
samtranslator/translator/logical_id_generator.py,84.7508,A
samtranslator/model/preferences/deployment_preference.py,84.9365,A
samtranslator/yaml_helper.py,85.448,A
samtranslator/model/eventsources/cloudwatchlogs.py,87.2386,A
samtranslator/plugins/api/default_definition_body_plugin.py,87.4779,A
samtranslator/plugins/api/implicit_rest_api_plugin.py,90.5018,A
samtranslator/model/update_policy.py,91.4675,A
samtranslator/utils/cfn_dynamic_references.py,95.9472,A
samtranslator/internal/utils/utils.py,98.6835,A
samtranslator/compat.py,100.0,A
samtranslator/__init__.py,100.0,A
samtranslator/feature_toggle/__init__.py,100.0,A
samtranslator/internal/deprecation_control.py,100.0,A
samtranslator/internal/types.py,100.0,A
samtranslator/internal/__init__.py,100.0,A
samtranslator/internal/model/__init__.py,100.0,A
samtranslator/internal/schema_source/any_cfn_resource.py,100.0,A
samtranslator/internal/schema_source/__init__.py,100.0,A
samtranslator/internal/utils/__init__.py,100.0,A
samtranslator/intrinsics/__init__.py,100.0,A
samtranslator/metrics/__init__.py,100.0,A
samtranslator/model/architecture.py,100.0,A
samtranslator/model/cloudformation.py,100.0,A
samtranslator/model/codedeploy.py,100.0,A
samtranslator/model/cognito.py,100.0,A
samtranslator/model/dynamodb.py,100.0,A
samtranslator/model/iot.py,100.0,A
samtranslator/model/log.py,100.0,A
samtranslator/model/naming.py,100.0,A
samtranslator/model/packagetype.py,100.0,A
samtranslator/model/s3.py,100.0,A
samtranslator/model/sns.py,100.0,A
samtranslator/model/sqs.py,100.0,A
samtranslator/model/xray_utils.py,100.0,A
samtranslator/model/api/__init__.py,100.0,A
samtranslator/model/capacity_provider/__init__.py,100.0,A
samtranslator/model/cfn_attributes/deletion_policy.py,100.0,A
samtranslator/model/cfn_attributes/__init__.py,100.0,A
samtranslator/model/connector/__init__.py,100.0,A
samtranslator/model/connector_profiles/__init__.py,100.0,A
samtranslator/model/eventsources/__init__.py,100.0,A
samtranslator/model/preferences/__init__.py,100.0,A
samtranslator/model/role_utils/__init__.py,100.0,A
samtranslator/model/s3_utils/__init__.py,100.0,A
samtranslator/model/stepfunctions/__init__.py,100.0,A
samtranslator/model/tags/__init__.py,100.0,A
samtranslator/open_api/__init__.py,100.0,A
samtranslator/parser/__init__.py,100.0,A
samtranslator/plugins/exceptions.py,100.0,A
samtranslator/plugins/api/__init__.py,100.0,A
samtranslator/plugins/application/__init__.py,100.0,A
samtranslator/plugins/globals/globals_plugin.py,100.0,A
samtranslator/plugins/globals/__init__.py,100.0,A
samtranslator/plugins/policies/__init__.py,100.0,A
samtranslator/policy_templates_data/__init__.py,100.0,A
samtranslator/policy_template_processor/exceptions.py,100.0,A
samtranslator/policy_template_processor/__init__.py,100.0,A
samtranslator/public/exceptions.py,100.0,A
samtranslator/public/intrinsics.py,100.0,A
samtranslator/public/models.py,100.0,A
samtranslator/public/open_api.py,100.0,A
samtranslator/public/parser.py,100.0,A
samtranslator/public/plugins.py,100.0,A
samtranslator/public/swagger.py,100.0,A
samtranslator/public/translator.py,100.0,A
samtranslator/public/__init__.py,100.0,A
samtranslator/public/sdk/parameter.py,100.0,A
samtranslator/public/sdk/resource.py,100.0,A
samtranslator/public/sdk/template.py,100.0,A
samtranslator/public/sdk/__init__.py,100.0,A
samtranslator/sdk/__init__.py,100.0,A
samtranslator/swagger/__init__.py,100.0,A
samtranslator/third_party/__init__.py,100.0,A
samtranslator/third_party/py27hash/__init__.py,100.0,A
samtranslator/translator/transform.py,100.0,A
samtranslator/translator/__init__.py,100.0,A
samtranslator/utils/constants.py,100.0,A
samtranslator/utils/traverse.py,100.0,A
samtranslator/utils/types.py,100.0,A
samtranslator/utils/__init__.py,100.0,A
samtranslator/validator/__init__.py,100.0,A
samtranslator/validator/sam_schema/__init__.py,100.0,A
samtranslator/validator/sam_schema/definitions/__init__.py,100.0,A
