arquivo,tipo,classe,nome,rank_cc,complexity,linha_ini,linha_fim
samtranslator/yaml_helper.py,function,,yaml_parse,A,1,8,11
samtranslator/feature_toggle/dialup.py,method,BaseDialup,__init__,A,1,8,9
samtranslator/feature_toggle/dialup.py,method,BaseDialup,is_enabled,A,1,12,13
samtranslator/feature_toggle/dialup.py,method,BaseDialup,__str__,A,1,17,18
samtranslator/feature_toggle/dialup.py,method,DisabledDialup,__init__,A,1,26,27
samtranslator/feature_toggle/dialup.py,method,DisabledDialup,is_enabled,A,1,29,30
samtranslator/feature_toggle/dialup.py,method,ToggleDialup,__init__,A,1,39,41
samtranslator/feature_toggle/dialup.py,method,ToggleDialup,is_enabled,A,1,43,44
samtranslator/feature_toggle/dialup.py,method,SimpleAccountPercentileDialup,__init__,A,1,53,56
samtranslator/feature_toggle/dialup.py,method,SimpleAccountPercentileDialup,_get_account_percentile,A,1,58,67
samtranslator/feature_toggle/dialup.py,method,SimpleAccountPercentileDialup,is_enabled,A,1,69,75
samtranslator/feature_toggle/feature_toggle.py,method,FeatureToggle,__init__,A,1,32,42
samtranslator/feature_toggle/feature_toggle.py,method,FeatureToggleConfigProvider,config,A,1,105,106
samtranslator/feature_toggle/feature_toggle.py,method,FeatureToggleDefaultConfigProvider,__init__,A,1,112,113
samtranslator/feature_toggle/feature_toggle.py,method,FeatureToggleDefaultConfigProvider,config,A,1,116,117
samtranslator/feature_toggle/feature_toggle.py,method,FeatureToggleLocalConfigProvider,__init__,A,1,123,126
samtranslator/feature_toggle/feature_toggle.py,method,FeatureToggleLocalConfigProvider,config,A,1,129,130
samtranslator/feature_toggle/feature_toggle.py,method,FeatureToggleAppConfigConfigProvider,config,A,1,165,166
samtranslator/internal/deprecation_control.py,function,,deprecated,A,1,31,52
samtranslator/internal/deprecation_control.py,function,,decorator,A,1,39,50
samtranslator/internal/deprecation_control.py,function,,wrapper,A,1,41,48
samtranslator/internal/managed_policies.py,function,,get_bundled_managed_policy_map,A,1,8,9
samtranslator/internal/schema_source/common.py,function,,get_prop,A,1,40,41
samtranslator/internal/schema_source/common.py,function,,_get_prop,A,1,66,71
samtranslator/internal/schema_source/schema.py,function,,replace_passthrough,A,1,162,167
samtranslator/internal/schema_source/schema.py,function,,get_schema,A,1,73,86
samtranslator/internal/schema_source/schema.py,function,,json_dumps,A,1,89,90
samtranslator/internal/schema_source/schema.py,function,,main,A,1,179,192
samtranslator/internal/utils/utils.py,function,,passthrough_value,A,1,12,22
samtranslator/intrinsics/actions.py,method,Action,resolve_parameter_refs,A,1,46,47
samtranslator/intrinsics/actions.py,method,Action,resolve_resource_refs,A,1,52,55
samtranslator/intrinsics/actions.py,method,Action,resolve_resource_id_refs,A,1,60,63
samtranslator/intrinsics/actions.py,method,SubAction,resolve_parameter_refs,A,1,198,222
samtranslator/intrinsics/actions.py,function,,do_replacement,A,1,209,220
samtranslator/intrinsics/actions.py,method,SubAction,resolve_resource_refs,A,1,224,281
samtranslator/intrinsics/actions.py,method,SubAction,resolve_resource_id_refs,A,1,283,339
samtranslator/intrinsics/actions.py,method,GetAttAction,resolve_parameter_refs,A,1,432,434
samtranslator/intrinsics/resolver.py,method,IntrinsicsResolver,resolve_parameter_refs,A,1,38,49
samtranslator/intrinsics/resolver.py,method,IntrinsicsResolver,resolve_sam_resource_refs,A,1,51,77
samtranslator/intrinsics/resolver.py,method,IntrinsicsResolver,resolve_sam_resource_id_refs,A,1,80,101
samtranslator/intrinsics/resource_refs.py,method,SupportedResourceReferences,__init__,A,1,11,14
samtranslator/intrinsics/resource_refs.py,method,SupportedResourceReferences,get_all,A,1,60,67
samtranslator/intrinsics/resource_refs.py,method,SupportedResourceReferences,__len__,A,1,69,74
samtranslator/intrinsics/resource_refs.py,method,SupportedResourceReferences,__str__,A,1,76,77
samtranslator/metrics/method_decorator.py,function,,cw_timer_decorator,A,1,111,124
samtranslator/metrics/method_decorator.py,function,,wrapper_cw_timer,A,1,113,122
samtranslator/metrics/method_decorator.py,function,,cw_timer,A,1,87,89
samtranslator/metrics/method_decorator.py,function,,cw_timer,A,1,93,93
samtranslator/metrics/method_decorator.py,method,MetricsMethodWrapperSingleton,set_instance,A,1,32,33
samtranslator/metrics/method_decorator.py,method,MetricsMethodWrapperSingleton,get_instance,A,1,36,40
samtranslator/metrics/metrics.py,method,MetricsPublisher,publish,A,1,19,20
samtranslator/metrics/metrics.py,method,CWMetricsPublisher,__init__,A,1,32,39
samtranslator/metrics/metrics.py,method,DummyMetricsPublisher,__init__,A,1,70,71
samtranslator/metrics/metrics.py,method,DummyMetricsPublisher,publish,A,1,73,75
samtranslator/metrics/metrics.py,method,MetricDatum,get_metric_data,A,1,120,126
samtranslator/metrics/metrics.py,method,Metrics,_record_metric,A,1,157,174
samtranslator/metrics/metrics.py,method,Metrics,record_count,A,1,176,192
samtranslator/metrics/metrics.py,method,Metrics,record_latency,A,1,194,210
samtranslator/metrics/metrics.py,method,Metrics,get_metric,A,1,222,229
samtranslator/model/apigateway.py,method,ApiGatewayStage,update_deployment_ref,A,1,77,78
samtranslator/model/apigatewayv2.py,method,ApiGatewayV2HttpApi,assign_tags,A,1,34,42
samtranslator/model/events.py,function,,_truncate_with_suffix,A,1,33,37
samtranslator/model/exceptions.py,method,ExceptionWithMessage,message,A,1,19,20
samtranslator/model/exceptions.py,method,ExceptionWithMessage,metadata,A,1,23,24
samtranslator/model/exceptions.py,method,InvalidDocumentException,message,A,1,43,44
samtranslator/model/exceptions.py,method,InvalidDocumentException,causes,A,1,58,59
samtranslator/model/exceptions.py,method,DuplicateLogicalIdException,__init__,A,1,68,71
samtranslator/model/exceptions.py,method,DuplicateLogicalIdException,message,A,1,74,77
samtranslator/model/exceptions.py,method,InvalidTemplateException,__init__,A,1,89,90
samtranslator/model/exceptions.py,method,InvalidTemplateException,message,A,1,93,94
samtranslator/model/exceptions.py,method,InvalidResourceException,__init__,A,1,104,107
samtranslator/model/exceptions.py,method,InvalidResourceException,__lt__,A,1,109,110
samtranslator/model/exceptions.py,method,InvalidResourceException,message,A,1,113,114
samtranslator/model/exceptions.py,method,InvalidResourceException,metadata,A,1,117,118
samtranslator/model/exceptions.py,method,InvalidResourcePropertyTypeException,__str__,A,1,134,135
samtranslator/model/exceptions.py,method,InvalidResourcePropertyTypeException,__repr__,A,1,137,138
samtranslator/model/exceptions.py,method,InvalidEventException,__init__,A,1,177,179
samtranslator/model/exceptions.py,method,InvalidEventException,message,A,1,182,183
samtranslator/model/iam.py,method,IAMRolePolicies,construct_assume_role_policy_for_service_principal,A,1,46,53
samtranslator/model/iam.py,method,IAMRolePolicies,step_functions_start_execution_role_policy,A,1,59,63
samtranslator/model/iam.py,method,IAMRolePolicies,stepfunctions_assume_role_policy,A,1,68,75
samtranslator/model/iam.py,method,IAMRolePolicies,cloud_watch_log_assume_role_policy,A,1,81,88
samtranslator/model/iam.py,method,IAMRolePolicies,scheduler_assume_role_policy,A,1,94,98
samtranslator/model/iam.py,method,IAMRolePolicies,lambda_assume_role_policy,A,1,103,107
samtranslator/model/iam.py,method,IAMRolePolicies,dead_letter_queue_policy,A,1,112,121
samtranslator/model/iam.py,method,IAMRolePolicies,sqs_send_message_role_policy,A,1,126,129
samtranslator/model/iam.py,method,IAMRolePolicies,sns_publish_role_policy,A,1,133,136
samtranslator/model/iam.py,method,IAMRolePolicies,s3_send_event_payload_role_policy,A,1,140,147
samtranslator/model/iam.py,method,IAMRolePolicies,event_bus_put_events_role_policy,A,1,153,157
samtranslator/model/iam.py,method,IAMRolePolicies,lambda_invoke_function_role_policy,A,1,162,166
samtranslator/model/intrinsics.py,function,,fnGetAtt,A,1,9,10
samtranslator/model/intrinsics.py,function,,ref,A,1,13,14
samtranslator/model/intrinsics.py,function,,fnJoin,A,1,17,18
samtranslator/model/intrinsics.py,function,,fnOr,A,1,27,28
samtranslator/model/intrinsics.py,function,,fnAnd,A,1,31,32
samtranslator/model/intrinsics.py,function,,make_not_conditional,A,1,41,42
samtranslator/model/intrinsics.py,function,,make_or_condition,A,1,53,55
samtranslator/model/intrinsics.py,function,,make_and_condition,A,1,58,60
samtranslator/model/intrinsics.py,function,,calculate_number_of_conditions,A,1,63,78
samtranslator/model/naming.py,method,GeneratedLogicalId,implicit_api,A,1,9,10
samtranslator/model/naming.py,method,GeneratedLogicalId,implicit_http_api,A,1,13,14
samtranslator/model/resource_policies.py,method,ResourcePolicies,__init__,A,1,32,45
samtranslator/model/resource_policies.py,method,ResourcePolicies,get,A,1,47,54
samtranslator/model/resource_policies.py,method,ResourcePolicies,__len__,A,1,56,57
samtranslator/model/sam_resources.py,function,,_construct_inline_code,A,1,1079,1080
samtranslator/model/sam_resources.py,method,SamFunction,_validate_function_url_params,A,1,1400,1407
samtranslator/model/sam_resources.py,method,SamApi,to_cloudformation,A,1,1712,1776
samtranslator/model/sam_resources.py,method,SamWebSocketApi,to_cloudformation,A,1,1952,1991
samtranslator/model/sam_resources.py,method,SamSimpleTable,to_cloudformation,A,1,2017,2020
samtranslator/model/sam_resources.py,method,SamApplication,to_cloudformation,A,1,2094,2097
samtranslator/model/sam_resources.py,method,SamLayerVersion,to_cloudformation,A,1,2151,2165
samtranslator/model/sam_resources.py,method,SamStateMachine,to_cloudformation,A,1,2344,2382
samtranslator/model/sam_resources.py,method,SamGraphQLApi,__init__,A,1,2789,2800
samtranslator/model/sam_resources.py,method,SamGraphQLApi,_construct_lambda_auth_connector,A,1,2992,3017
samtranslator/model/sam_resources.py,method,SamGraphQLApi,_create_logging_default,A,1,3020,3031
samtranslator/model/sam_resources.py,method,SamGraphQLApi,_construct_cloudwatch_role,A,1,3056,3068
samtranslator/model/sam_resources.py,method,SamGraphQLApi,_construct_domain_name_resources,A,1,3111,3129
samtranslator/model/sam_resources.py,method,SamGraphQLApi,_construct_appsync_api_cache,A,1,3131,3145
samtranslator/model/sam_resources.py,method,SamGraphQLApi,_construct_datasource_resources,A,1,3147,3156
samtranslator/model/sam_resources.py,method,SamGraphQLApi,_construct_ddb_datasource_connector_resources,A,1,3248,3274
samtranslator/model/sam_resources.py,method,SamGraphQLApi,_construct_lambda_datasource_connector_resources,A,1,3342,3368
samtranslator/model/sam_resources.py,method,SamGraphQLApi,_construct_none_datasource,A,1,3416,3440
samtranslator/model/sam_resources.py,method,SamGraphQLApi,_create_appsync_data_source_logical_id,A,1,3600,3601
samtranslator/model/sqs.py,method,SQSQueuePolicies,sns_topic_send_message_role_policy,A,1,31,40
samtranslator/model/sqs.py,method,SQSQueuePolicies,eventbridge_dlq_send_message_resource_based_policy,A,1,46,55
samtranslator/model/types.py,function,,is_type,A,1,27,42
samtranslator/model/types.py,function,,list_of,A,1,52,76
samtranslator/model/types.py,function,,dict_of,A,1,79,112
samtranslator/model/types.py,function,,one_of,A,1,115,132
samtranslator/model/types.py,function,,any_type,A,1,135,139
samtranslator/model/types.py,function,,validate,A,1,136,137
samtranslator/model/types.py,function,,IS_STR_ENUM,A,1,142,169
samtranslator/model/types.py,function,,is_str,A,1,173,182
samtranslator/model/__init__.py,method,PropertyType,__init__,A,1,60,69
samtranslator/model/__init__.py,method,Property,__init__,A,1,89,90
samtranslator/model/__init__.py,method,PassThroughProperty,__init__,A,1,100,101
samtranslator/model/__init__.py,method,GeneratedProperty,__init__,A,1,117,120
samtranslator/model/__init__.py,method,Resource,get_supported_resource_attributes,A,1,194,199
samtranslator/model/__init__.py,method,Resource,get_pass_through_attributes,A,1,202,207
samtranslator/model/__init__.py,method,Resource,to_dict,A,1,298,323
samtranslator/model/__init__.py,method,ResourceMacro,resources_to_link,A,1,552,559
samtranslator/model/__init__.py,method,ResourceMacro,to_cloudformation,A,1,562,563
samtranslator/model/__init__.py,method,ResourceResolver,get_all_resources,A,1,863,865
samtranslator/model/api/apiv2_generator.py,method,ApiV2Generator,__init__,A,1,16,55
samtranslator/model/api/apiv2_generator.py,method,ApiV2Generator,_get_authorizer_permission,A,1,281,303
samtranslator/model/api/api_generator.py,method,SharedApiUsagePlan,__init__,A,1,101,111
samtranslator/model/api/api_generator.py,method,ApiGenerator,__init__,A,1,186,285
samtranslator/model/api/api_generator.py,method,ApiGenerator,_create_basepath_mapping_v2,A,1,853,862
samtranslator/model/api/api_generator.py,method,ApiGenerator,_get_permission,A,1,1469,1493
samtranslator/model/api/api_generator.py,method,ApiGenerator,_generate_domain_access_association,A,1,1583,1606
samtranslator/model/api/http_api_generator.py,method,HttpApiGenerator,to_cloudformation,A,1,536,554
samtranslator/model/api/websocket_api_generator.py,method,WebSocketApiGenerator,_generate_route_resource_ids,A,1,186,197
samtranslator/model/api/websocket_api_generator.py,method,WebSocketApiGenerator,_construct_route_infr,A,1,317,330
samtranslator/model/capacity_provider/generators.py,method,CapacityProviderGenerator,_create_operator_role,A,1,191,221
samtranslator/model/connector/connector.py,function,,_get_resource_queue_url,A,1,230,231
samtranslator/model/connector/connector.py,function,,_get_resource_id,A,1,234,235
samtranslator/model/connector/connector.py,function,,_get_resource_name,A,1,238,239
samtranslator/model/connector/connector.py,function,,_get_resource_qualifier,A,1,242,244
samtranslator/model/connector/connector.py,function,,_get_resource_arn,A,1,247,252
samtranslator/model/connector_profiles/profile.py,function,,get_profile,A,1,14,17
samtranslator/model/connector_profiles/profile.py,function,,replace_cfn_resource_properties,A,1,20,23
samtranslator/model/connector_profiles/profile.py,function,,profile_replace,A,1,36,44
samtranslator/model/eventsources/cloudwatchlogs.py,method,CloudWatchLogs,get_source_arn,A,1,43,49
samtranslator/model/eventsources/cloudwatchlogs.py,method,CloudWatchLogs,get_subscription_filter,A,1,52,62
samtranslator/model/eventsources/pull.py,method,PullEventSource,get_policy_arn,A,1,94,95
samtranslator/model/eventsources/pull.py,method,PullEventSource,get_policy_statements,A,1,98,101
samtranslator/model/eventsources/pull.py,method,PullEventSource,get_event_source_arn,A,1,104,105
samtranslator/model/eventsources/pull.py,method,PullEventSource,add_extra_eventsourcemapping_fields,A,1,107,113
samtranslator/model/eventsources/pull.py,method,PullEventSource,_get_kms_decrypt_policy,A,1,343,349
samtranslator/model/eventsources/pull.py,method,Kinesis,get_event_source_arn,A,1,459,460
samtranslator/model/eventsources/pull.py,method,Kinesis,get_policy_arn,A,1,462,463
samtranslator/model/eventsources/pull.py,method,Kinesis,get_policy_statements,A,1,465,468
samtranslator/model/eventsources/pull.py,method,DynamoDB,get_event_source_arn,A,1,483,484
samtranslator/model/eventsources/pull.py,method,DynamoDB,get_policy_arn,A,1,486,487
samtranslator/model/eventsources/pull.py,method,DynamoDB,get_policy_statements,A,1,489,492
samtranslator/model/eventsources/pull.py,method,SQS,get_event_source_arn,A,1,506,507
samtranslator/model/eventsources/pull.py,method,SQS,get_policy_arn,A,1,509,510
samtranslator/model/eventsources/pull.py,method,SQS,get_policy_statements,A,1,512,515
samtranslator/model/eventsources/pull.py,method,MSK,get_event_source_arn,A,1,530,531
samtranslator/model/eventsources/pull.py,method,MSK,get_policy_arn,A,1,533,534
samtranslator/model/eventsources/pull.py,method,MQ,get_event_source_arn,A,1,610,611
samtranslator/model/eventsources/pull.py,method,MQ,get_policy_arn,A,1,613,614
samtranslator/model/eventsources/pull.py,method,SelfManagedKafka,get_event_source_arn,A,1,669,670
samtranslator/model/eventsources/pull.py,method,SelfManagedKafka,get_policy_arn,A,1,672,673
samtranslator/model/eventsources/pull.py,method,SelfManagedKafka,get_secret_manager_secret,A,1,800,804
samtranslator/model/eventsources/pull.py,method,SelfManagedKafka,get_vpc_permission,A,1,807,818
samtranslator/model/eventsources/pull.py,method,SelfManagedKafka,get_kms_policy,A,1,823,829
samtranslator/model/eventsources/pull.py,method,DocumentDB,get_event_source_arn,A,1,860,861
samtranslator/model/eventsources/pull.py,method,DocumentDB,get_policy_arn,A,1,863,864
samtranslator/model/eventsources/push.py,method,Api,resources_to_link,A,1,705,710
samtranslator/model/eventsources/push.py,method,HttpApi,_method,A,1,1333,1338
samtranslator/model/eventsources/push.py,method,HttpApi,_path,A,1,1341,1346
samtranslator/model/eventsources/push.py,method,HttpApi,to_cloudformation,A,1,1363,1386
samtranslator/model/preferences/deployment_preference_collection.py,method,DeploymentPreferenceCollection,__init__,A,1,49,54
samtranslator/model/preferences/deployment_preference_collection.py,method,DeploymentPreferenceCollection,get,A,1,81,87
samtranslator/model/preferences/deployment_preference_collection.py,method,DeploymentPreferenceCollection,create_aggregate_deployment_condition,A,1,124,129
samtranslator/model/preferences/deployment_preference_collection.py,method,DeploymentPreferenceCollection,update_policy,A,1,314,321
samtranslator/model/preferences/deployment_preference_collection.py,method,DeploymentPreferenceCollection,deployment_group_logical_id,A,1,324,325
samtranslator/model/preferences/deployment_preference_collection.py,method,DeploymentPreferenceCollection,__hash__,A,1,337,338
samtranslator/model/stepfunctions/events.py,method,Api,resources_to_link,A,1,347,352
samtranslator/model/stepfunctions/events.py,method,Api,_generate_request_template,A,1,439,454
samtranslator/model/stepfunctions/events.py,method,Api,_generate_request_template_unescaped,A,1,460,479
samtranslator/model/stepfunctions/generators.py,method,StateMachineGenerator,__init__,A,1,31,115
samtranslator/model/stepfunctions/generators.py,method,StateMachineGenerator,_build_definition_string,A,1,206,219
samtranslator/model/stepfunctions/generators.py,method,StateMachineGenerator,_construct_tag_list,A,1,250,258
samtranslator/model/stepfunctions/generators.py,method,StateMachineGenerator,_generate_substitution,A,1,407,417
samtranslator/open_api/base_editor.py,method,BaseEditor,method_definition_has_integration,A,1,51,58
samtranslator/open_api/base_editor.py,method,BaseEditor,make_path_conditional,A,1,76,82
samtranslator/open_api/base_editor.py,method,BaseEditor,validate_path_item_is_dict,A,1,242,251
samtranslator/open_api/base_editor.py,method,BaseEditor,validate_method_definition_is_dict,A,1,255,257
samtranslator/open_api/base_editor.py,method,BaseEditor,safe_compare_regex_with_string,A,1,261,262
samtranslator/open_api/open_api.py,method,OpenApiEditor,has_api_gateway_cors,A,1,511,512
samtranslator/open_api/open_api.py,method,OpenApiEditor,gen_skeleton,A,1,555,568
samtranslator/parser/parser.py,method,Parser,__init__,A,1,18,19
samtranslator/parser/parser.py,method,Parser,parse,A,1,21,23
samtranslator/plugins/exceptions.py,method,InvalidPluginException,__init__,A,1,9,11
samtranslator/plugins/exceptions.py,method,InvalidPluginException,message,A,1,14,15
samtranslator/plugins/sam_plugins.py,method,SamPlugins,__len__,A,1,138,144
samtranslator/plugins/__init__.py,method,BasePlugin,__init__,A,1,25,33
samtranslator/plugins/__init__.py,method,BasePlugin,_class_name,A,1,36,37
samtranslator/plugins/__init__.py,method,BasePlugin,on_before_transform_resource,A,1,47,48
samtranslator/plugins/__init__.py,method,BasePlugin,on_before_transform_template,A,1,70,71
samtranslator/plugins/__init__.py,method,BasePlugin,on_after_transform_template,A,1,89,90
samtranslator/plugins/api/implicit_api_plugin.py,method,ImplicitApiPlugin,__init__,A,1,51,62
samtranslator/plugins/api/implicit_api_plugin.py,method,ImplicitApiPlugin,_process_api_events,A,1,65,74
samtranslator/plugins/api/implicit_api_plugin.py,method,ImplicitApiPlugin,_get_api_definition_from_editor,A,1,85,86
samtranslator/plugins/api/implicit_api_plugin.py,method,ImplicitApiPlugin,_generate_implicit_api_resource,A,1,91,92
samtranslator/plugins/api/implicit_api_plugin.py,method,ImplicitApiPlugin,_get_api_id,A,1,271,278
samtranslator/plugins/api/implicit_api_plugin.py,method,ImplicitApiPlugin,_path_condition_name,A,1,439,447
samtranslator/plugins/api/implicit_api_plugin.py,method,ImplicitApiPlugin,_validate_api_event,A,1,469,482
samtranslator/plugins/api/implicit_api_plugin.py,method,ImplicitApiPlugin,_update_resource_attributes_from_api_event,A,1,485,502
samtranslator/plugins/api/implicit_http_api_plugin.py,method,ImplicitHttpApiPlugin,_generate_implicit_api_resource,A,1,89,93
samtranslator/plugins/api/implicit_http_api_plugin.py,method,ImplicitHttpApiPlugin,_get_api_definition_from_editor,A,1,95,99
samtranslator/plugins/api/implicit_http_api_plugin.py,method,ImplicitHttpApiResource,__init__,A,1,146,159
samtranslator/plugins/api/implicit_rest_api_plugin.py,method,ImplicitRestApiPlugin,_generate_implicit_api_resource,A,1,80,84
samtranslator/plugins/api/implicit_rest_api_plugin.py,method,ImplicitRestApiPlugin,_get_api_definition_from_editor,A,1,86,90
samtranslator/plugins/api/implicit_rest_api_plugin.py,method,ImplicitApiResource,__init__,A,1,99,116
samtranslator/plugins/application/serverless_app_plugin.py,method,ServerlessAppPlugin,_make_app_key,A,1,104,106
samtranslator/plugins/application/serverless_app_plugin.py,method,ServerlessAppPlugin,_replace_value,A,1,187,190
samtranslator/plugins/application/serverless_app_plugin.py,method,ServerlessAppPlugin,_get_intrinsic_resolvers,A,1,192,195
samtranslator/plugins/application/serverless_app_plugin.py,method,ServerlessAppPlugin,_get_sleep_time_sec,A,1,400,401
samtranslator/plugins/application/serverless_app_plugin.py,method,ServerlessAppPlugin,_resource_is_supported,A,1,441,448
samtranslator/plugins/application/serverless_app_plugin.py,method,ServerlessAppPlugin,_get_application,A,1,450,452
samtranslator/plugins/application/serverless_app_plugin.py,method,ServerlessAppPlugin,_create_cfn_template,A,1,455,457
samtranslator/plugins/application/serverless_app_plugin.py,method,ServerlessAppPlugin,_get_cfn_template,A,1,460,463
samtranslator/plugins/globals/globals.py,method,Globals,_make_resource_type,A,1,315,316
samtranslator/plugins/globals/globals.py,method,GlobalProperties,__init__,A,1,439,440
samtranslator/plugins/globals/globals.py,method,GlobalProperties,merge,A,1,442,448
samtranslator/plugins/globals/globals.py,method,GlobalProperties,_merge_lists,A,1,478,487
samtranslator/plugins/globals/globals.py,method,GlobalProperties,_prefer_local,A,1,512,521
samtranslator/plugins/globals/globals.py,method,InvalidGlobalsSectionException,__init__,A,1,561,563
samtranslator/plugins/globals/globals.py,method,InvalidGlobalsSectionException,message,A,1,566,567
samtranslator/plugins/policies/policy_templates_plugin.py,method,PolicyTemplatesForResourcePlugin,__init__,A,1,21,30
samtranslator/plugins/policies/policy_templates_plugin.py,method,PolicyTemplatesForResourcePlugin,_is_supported,A,1,106,113
samtranslator/policy_template_processor/exceptions.py,method,TemplateNotFoundException,__init__,A,1,6,7
samtranslator/policy_template_processor/exceptions.py,method,InsufficientParameterValues,__init__,A,1,15,16
samtranslator/policy_template_processor/exceptions.py,method,InvalidParameterValues,__init__,A,1,24,25
samtranslator/policy_template_processor/processor.py,method,PolicyTemplatesProcessor,has,A,1,68,75
samtranslator/policy_template_processor/processor.py,method,PolicyTemplatesProcessor,get,A,1,77,85
samtranslator/policy_template_processor/processor.py,method,PolicyTemplatesProcessor,get_default_policy_templates_json,A,1,128,135
samtranslator/policy_template_processor/processor.py,method,PolicyTemplatesProcessor,_read_schema,A,1,138,147
samtranslator/policy_template_processor/processor.py,method,PolicyTemplatesProcessor,_read_json,A,1,150,157
samtranslator/policy_template_processor/template.py,method,Template,__init__,A,1,15,28
samtranslator/policy_template_processor/template.py,method,Template,_disambiguate_policy_parameter,A,1,67,98
samtranslator/policy_template_processor/template.py,method,Template,from_dict,A,1,124,137
samtranslator/sdk/parameter.py,method,SamParameterValues,__init__,A,1,15,22
samtranslator/sdk/resource.py,method,SamResource,__init__,A,1,18,33
samtranslator/sdk/template.py,method,SamTemplate,__init__,A,1,16,23
samtranslator/sdk/template.py,method,SamTemplate,to_dict,A,1,87,94
samtranslator/swagger/swagger.py,method,SwaggerEditor,add_binary_media_types,A,1,329,349
samtranslator/swagger/swagger.py,method,SwaggerEditor,_make_response_header_key,A,1,352,353
samtranslator/swagger/swagger.py,method,SwaggerEditor,add_custom_statements,A,1,967,970
samtranslator/swagger/swagger.py,method,SwaggerEditor,validate_open_api_version_3,A,1,1246,1247
samtranslator/swagger/swagger.py,method,SwaggerEditor,gen_skeleton,A,1,1250,1262
samtranslator/swagger/swagger.py,method,SwaggerEditor,get_openapi_versions_supported_regex,A,1,1265,1266
samtranslator/third_party/py27hash/hash.py,function,,hash27,A,1,13,24
samtranslator/translator/arn_generator.py,function,,_get_region_from_session,A,1,11,12
samtranslator/translator/arn_generator.py,method,ArnGenerator,generate_aws_managed_policy_arn,A,1,90,98
samtranslator/translator/arn_generator.py,method,ArnGenerator,generate_dynamodb_table_arn,A,1,132,149
samtranslator/translator/logical_id_generator.py,method,LogicalIdGenerator,gen,A,1,28,47
samtranslator/translator/managed_policy_translator.py,method,ManagedPolicyLoader,__init__,A,1,12,15
samtranslator/translator/transform.py,function,,transform,A,1,11,44
samtranslator/translator/transform.py,function,,get_managed_policy_map,A,1,34,35
samtranslator/translator/translator.py,function,,make_implicit_rest_api_plugin,A,1,445,449
samtranslator/translator/translator.py,function,,make_implicit_http_api_plugin,A,1,452,456
samtranslator/translator/translator.py,function,,make_policy_template_for_function_plugin,A,1,459,468
samtranslator/utils/actions.py,method,Action,execute,A,1,12,13
samtranslator/utils/actions.py,method,ResolveDependsOn,__init__,A,1,19,25
samtranslator/utils/py27hash_fix.py,function,,undo_mark_unicode_str_in_template,A,1,99,100
samtranslator/utils/py27hash_fix.py,method,Py27UniStr,__add__,A,1,109,110
samtranslator/utils/py27hash_fix.py,method,Py27UniStr,__repr__,A,1,112,113
samtranslator/utils/py27hash_fix.py,method,Py27UniStr,upper,A,1,115,116
samtranslator/utils/py27hash_fix.py,method,Py27UniStr,lower,A,1,118,119
samtranslator/utils/py27hash_fix.py,method,Py27UniStr,__deepcopy__,A,1,129,130
samtranslator/utils/py27hash_fix.py,method,Py27LongInt,__deepcopy__,A,1,152,153
samtranslator/utils/py27hash_fix.py,method,Py27Keys,__init__,A,1,170,176
samtranslator/utils/py27hash_fix.py,method,Py27Keys,__iter__,A,1,286,290
samtranslator/utils/py27hash_fix.py,method,Py27Keys,__len__,A,1,299,300
samtranslator/utils/py27hash_fix.py,method,Py27Keys,copy,A,1,321,328
samtranslator/utils/py27hash_fix.py,method,Py27Dict,__init__,A,1,346,356
samtranslator/utils/py27hash_fix.py,method,Py27Dict,__reduce__,A,1,369,373
samtranslator/utils/py27hash_fix.py,method,Py27Dict,__setitem__,A,1,375,385
samtranslator/utils/py27hash_fix.py,method,Py27Dict,__delitem__,A,1,387,396
samtranslator/utils/py27hash_fix.py,method,Py27Dict,clear,A,1,421,426
samtranslator/utils/py27hash_fix.py,method,Py27Dict,pop,A,1,448,466
samtranslator/utils/py27hash_fix.py,method,Py27Dict,__iter__,A,1,486,494
samtranslator/utils/py27hash_fix.py,method,Py27Dict,__repr__,A,1,521,529
samtranslator/utils/py27hash_fix.py,method,Py27Dict,keys,A,1,531,540
samtranslator/validator/validator.py,method,SamTemplateValidator,validate,A,1,58,78
samtranslator/validator/validator.py,method,SamTemplateValidator,_read_json,A,1,168,181
samtranslator/validator/value_validator.py,method,_ResourcePropertyValueValidator,__init__,A,1,23,35
samtranslator/validator/value_validator.py,method,_ResourcePropertyValueValidator,to_be_a_map,A,1,88,93
samtranslator/validator/value_validator.py,method,_ResourcePropertyValueValidator,to_be_a_list,A,1,95,96
samtranslator/validator/value_validator.py,method,_ResourcePropertyValueValidator,to_be_a_string,A,1,110,115
samtranslator/validator/value_validator.py,method,_ResourcePropertyValueValidator,to_be_an_integer,A,1,117,122
samtranslator/validator/value_validator.py,method,_ResourcePropertyValueValidator,to_be_a_bool,A,1,124,129
samtranslator/region_configuration.py,method,RegionConfiguration,is_apigw_edge_configuration_supported,A,2,13,21
samtranslator/feature_toggle/feature_toggle.py,method,FeatureToggle,_get_dialup,A,2,44,60
samtranslator/internal/deprecation_control.py,function,,_make_message,A,2,24,25
samtranslator/internal/schema_source/common.py,function,,passthrough_prop,A,2,44,61
samtranslator/internal/schema_source/common.py,method,BaseModel,__getattribute__,A,2,80,86
samtranslator/internal/schema_source/schema.py,function,,_deep_get,A,2,107,113
samtranslator/internal/schema_source/schema.py,function,,_add_embedded_connectors,A,2,116,130
samtranslator/intrinsics/resolver.py,method,IntrinsicsResolver,_traverse_dict,A,2,152,169
samtranslator/intrinsics/resolver.py,method,IntrinsicsResolver,_traverse_list,A,2,171,188
samtranslator/intrinsics/resolver.py,method,IntrinsicsResolver,_try_resolve_parameter_refs,A,2,190,205
samtranslator/intrinsics/resolver.py,method,IntrinsicsResolver,_try_resolve_sam_resource_refs,A,2,207,224
samtranslator/intrinsics/resolver.py,method,IntrinsicsResolver,_try_resolve_sam_resource_id_refs,A,2,226,242
samtranslator/intrinsics/resource_refs.py,method,SupportedResourceReferences,get,A,2,45,58
samtranslator/metrics/method_decorator.py,function,,_send_cw_metric,A,2,73,83
samtranslator/metrics/method_decorator.py,function,,cw_timer,A,2,96,126
samtranslator/metrics/metrics.py,method,Metrics,__init__,A,2,136,147
samtranslator/metrics/metrics.py,method,Metrics,__del__,A,2,149,155
samtranslator/metrics/metrics.py,method,Metrics,publish,A,2,212,220
samtranslator/model/apigateway.py,method,ApiGatewayResponse,generate_swagger,A,2,180,190
samtranslator/model/apigateway.py,method,ApiGatewayResponse,_status_code_string,A,2,212,213
samtranslator/model/apigateway.py,method,ApiGatewayAuthorizer,_get_identity_validation_expression,A,2,459,460
samtranslator/model/apigateway.py,method,ApiGatewayAuthorizer,_build_identity_source_item,A,2,463,467
samtranslator/model/apigateway.py,method,ApiGatewayAuthorizer,_get_user_pool_arn_array,A,2,499,500
samtranslator/model/apigateway.py,method,ApiGatewayAuthorizer,_get_reauthorize_every,A,2,533,537
samtranslator/model/apigateway.py,method,ApiGatewayAuthorizer,_get_function_payload_type,A,2,555,556
samtranslator/model/eventbridge_utils.py,method,EventBridgeRuleUtils,create_dead_letter_queue_with_policy,A,2,7,24
samtranslator/model/events.py,function,,generate_valid_target_id,A,2,25,30
samtranslator/model/exceptions.py,function,,prepend,A,2,186,197
samtranslator/model/exceptions.py,method,InvalidDocumentException,__init__,A,2,36,40
samtranslator/model/exceptions.py,method,InvalidResourcePropertyTypeException,__init__,A,2,122,132
samtranslator/model/exceptions.py,method,InvalidResourcePropertyTypeException,_default_message,A,2,141,145
samtranslator/model/exceptions.py,method,InvalidResourceAttributeTypeException,__init__,A,2,149,157
samtranslator/model/exceptions.py,method,InvalidResourceAttributeTypeException,_default_message,A,2,160,164
samtranslator/model/intrinsics.py,function,,fnSub,A,2,21,24
samtranslator/model/intrinsics.py,function,,make_conditional,A,2,35,38
samtranslator/model/intrinsics.py,function,,make_condition_or_list,A,2,45,50
samtranslator/model/intrinsics.py,function,,is_intrinsic_if,A,2,156,169
samtranslator/model/sam_resources.py,method,SamFunction,resources_to_link,A,2,295,299
samtranslator/model/sam_resources.py,method,SamFunction,_make_gen_condition_name,A,2,661,667
samtranslator/model/sam_resources.py,method,SamFunction,_get_resolved_alias_name,A,2,669,696
samtranslator/model/sam_resources.py,method,SamFunction,order_events,A,2,998,1010
samtranslator/model/sam_resources.py,method,SamFunction,_get_default_version_deletion_policy,A,2,1116,1128
samtranslator/model/sam_resources.py,method,SamSimpleTable,_convert_attribute_type,A,2,2062,2065
samtranslator/model/sam_resources.py,method,SamApplication,_construct_nested_stack,A,2,2099,2111
samtranslator/model/sam_resources.py,method,SamStateMachine,resources_to_link,A,2,2384,2388
samtranslator/model/sam_resources.py,method,SamGraphQLApi,_construct_appsync_api_keys,A,2,3091,3109
samtranslator/model/sam_resources.py,method,SamGraphQLApi,_parse_lambda_datasource_role,A,2,3313,3339
samtranslator/model/sam_resources.py,method,SamGraphQLApi,_is_none_datasource_input,A,2,3413,3414
samtranslator/model/sam_resources.py,method,SamGraphQLApi,_parse_runtime,A,2,3506,3520
samtranslator/model/sam_resources.py,method,SamGraphQLApi,_compose_dynamodb_table_arn,A,2,3604,3611
samtranslator/model/xray_utils.py,function,,get_xray_managed_policy_name,A,2,4,10
samtranslator/model/__init__.py,method,PropertyType,_resolve_expected_type,A,2,71,78
samtranslator/model/__init__.py,method,Resource,set_resource_attribute,A,2,465,478
samtranslator/model/__init__.py,method,Resource,get_resource_attribute,A,2,480,489
samtranslator/model/__init__.py,method,Resource,_is_intrinsic_function,A,2,492,501
samtranslator/model/__init__.py,method,Resource,get_runtime_attr,A,2,503,513
samtranslator/model/__init__.py,method,Resource,assign_tags,A,2,528,539
samtranslator/model/__init__.py,method,SamResourceMacro,_check_tag,A,2,708,712
samtranslator/model/__init__.py,method,ResourceResolver,__init__,A,2,853,861
samtranslator/model/__init__.py,method,ResourceResolver,get_resource_by_logical_id,A,2,867,878
samtranslator/model/api/api_generator.py,method,ApiGenerator,_construct_deployment,A,2,423,437
samtranslator/model/api/api_generator.py,method,ApiGenerator,_construct_usage_plan_key,A,2,1218,1248
samtranslator/model/api/api_generator.py,method,ApiGenerator,_set_default_apikey_required,A,2,1549,1551
samtranslator/model/api/http_api_generator.py,method,HttpApiGenerator,__init__,A,2,37,97
samtranslator/model/api/websocket_api_generator.py,method,WebSocketApiGenerator,_construct_integration,A,2,274,288
samtranslator/model/capacity_provider/generators.py,method,CapacityProviderGenerator,to_cloudformation,A,2,54,74
samtranslator/model/capacity_provider/generators.py,method,CapacityProviderGenerator,_ensure_permissions_config,A,2,126,133
samtranslator/model/capacity_provider/generators.py,method,CapacityProviderGenerator,_transform_tags,A,2,180,189
samtranslator/model/connector/connector.py,function,,_is_nonblank_str,A,2,50,51
samtranslator/model/connector/connector.py,function,,add_depends_on,A,2,54,65
samtranslator/model/connector_profiles/profile.py,function,,verify_profile_variables_replaced,A,2,26,33
samtranslator/model/eventsources/cloudwatchlogs.py,method,CloudWatchLogs,to_cloudformation,A,2,25,41
samtranslator/model/eventsources/pull.py,method,PullEventSource,validate_secrets_manager_kms_key_id,A,2,288,291
samtranslator/model/eventsources/pull.py,method,MQ,_policy_name,A,2,576,608
samtranslator/model/eventsources/pull.py,method,MQ,get_policy_statements,A,2,616,653
samtranslator/model/eventsources/pull.py,method,DocumentDB,get_policy_statements,A,2,866,922
samtranslator/model/eventsources/push.py,method,SNS,_inject_sqs_queue,A,2,651,656
samtranslator/model/eventsources/push.py,method,SNS,_inject_sqs_event_source_mapping,A,2,658,665
samtranslator/model/eventsources/push.py,method,SNS,_inject_sqs_queue_policy,A,2,667,674
samtranslator/model/eventsources/push.py,method,Api,_get_permissions,A,2,812,825
samtranslator/model/eventsources/push.py,method,AlexaSkill,to_cloudformation,A,2,1164,1173
samtranslator/model/eventsources/push.py,method,IoTRule,to_cloudformation,A,2,1186,1206
samtranslator/model/eventsources/push.py,method,IoTRule,_construct_iot_rule,A,2,1208,1222
samtranslator/model/eventsources/push.py,method,HttpApi,_get_permissions,A,2,1388,1397
samtranslator/model/preferences/deployment_preference_collection.py,method,DeploymentPreferenceCollection,add,A,2,56,78
samtranslator/model/preferences/deployment_preference_collection.py,method,DeploymentPreferenceCollection,any_enabled,A,2,89,93
samtranslator/model/preferences/deployment_preference_collection.py,method,DeploymentPreferenceCollection,__eq__,A,2,327,330
samtranslator/model/preferences/deployment_preference_collection.py,method,DeploymentPreferenceCollection,__ne__,A,2,332,335
samtranslator/model/s3_utils/uri_parser.py,function,,construct_image_code_object,A,2,59,74
samtranslator/model/stepfunctions/events.py,method,EventSource,_construct_role,A,2,54,85
samtranslator/model/stepfunctions/generators.py,method,StateMachineGenerator,_construct_alias,A,2,285,308
samtranslator/open_api/base_editor.py,method,BaseEditor,iter_on_path,A,2,84,93
samtranslator/open_api/base_editor.py,method,BaseEditor,add_timeout_to_method,A,2,178,189
samtranslator/open_api/base_editor.py,method,BaseEditor,validate_is_dict,A,2,230,239
samtranslator/open_api/open_api.py,method,OpenApiEditor,add_payload_format_version_to_method,A,2,226,236
samtranslator/open_api/open_api.py,method,OpenApiEditor,add_description,A,2,493,500
samtranslator/open_api/open_api.py,method,OpenApiEditor,add_title,A,2,502,509
samtranslator/open_api/open_api.py,method,OpenApiEditor,get_path_without_trailing_slash,A,2,571,575
samtranslator/parser/parser.py,method,Parser,_validate,A,2,58,67
samtranslator/plugins/sam_plugins.py,method,SamPlugins,is_registered,A,2,85,93
samtranslator/plugins/__init__.py,method,BasePlugin,name,A,2,40,43
samtranslator/plugins/api/implicit_api_plugin.py,method,ImplicitApiPlugin,_add_implicit_api_id_if_necessary,A,2,169,178
samtranslator/plugins/application/serverless_app_plugin.py,method,ServerlessAppPlugin,_resolve_location_value,A,2,198,202
samtranslator/plugins/application/serverless_app_plugin.py,method,ServerlessAppPlugin,_handle_get_application_request,A,2,219,240
samtranslator/plugins/application/serverless_app_plugin.py,method,ServerlessAppPlugin,_handle_create_cfn_template_request,A,2,242,257
samtranslator/plugins/application/serverless_app_plugin.py,method,ServerlessAppPlugin,_sanitize_sar_str_param,A,2,259,272
samtranslator/plugins/application/serverless_app_plugin.py,method,ServerlessAppPlugin,_is_template_active,A,2,403,421
samtranslator/plugins/globals/globals.py,method,Globals,merge,A,2,200,222
samtranslator/plugins/globals/globals.py,method,Globals,del_section,A,2,225,234
samtranslator/policy_template_processor/processor.py,method,PolicyTemplatesProcessor,__init__,A,2,54,66
samtranslator/policy_template_processor/processor.py,method,PolicyTemplatesProcessor,convert,A,2,87,103
samtranslator/policy_template_processor/template.py,method,Template,missing_parameter_values,A,2,100,112
samtranslator/policy_template_processor/template.py,method,Template,_is_valid_parameter_values,A,2,115,121
samtranslator/sdk/resource.py,method,SamResource,to_dict,A,2,50,57
samtranslator/sdk/resource.py,method,SamResourceType,has_value,A,2,76,83
samtranslator/sdk/template.py,method,SamTemplate,set,A,2,43,55
samtranslator/sdk/template.py,method,SamTemplate,get_globals,A,2,57,63
samtranslator/sdk/template.py,method,SamTemplate,get,A,2,65,75
samtranslator/sdk/template.py,method,SamTemplate,delete,A,2,77,85
samtranslator/swagger/swagger.py,method,SwaggerEditor,_generate_integration_credentials,A,2,245,246
samtranslator/swagger/swagger.py,method,SwaggerEditor,get_path_without_trailing_slash,A,2,1269,1274
samtranslator/third_party/py27hash/hash.py,method,Hash,ordinal,A,2,162,173
samtranslator/translator/logical_id_generator.py,method,LogicalIdGenerator,__init__,A,2,11,26
samtranslator/translator/logical_id_generator.py,method,LogicalIdGenerator,_stringify,A,2,69,85
samtranslator/translator/managed_policy_translator.py,method,ManagedPolicyLoader,load,A,2,36,40
samtranslator/translator/translator.py,method,Translator,_update_resources,A,2,301,305
samtranslator/utils/actions.py,method,ResolveDependsOn,_can_handle_depends_on,A,2,53,60
samtranslator/utils/py27hash_fix.py,method,Py27UniStr,replace,A,2,121,124
samtranslator/utils/py27hash_fix.py,method,Py27UniStr,split,A,2,126,127
samtranslator/utils/py27hash_fix.py,method,Py27UniStr,_get_py27_hash,A,2,132,136
samtranslator/utils/py27hash_fix.py,method,Py27LongInt,__repr__,A,2,147,150
samtranslator/utils/py27hash_fix.py,method,Py27Keys,pop,A,2,330,338
samtranslator/utils/py27hash_fix.py,method,Py27Dict,copy,A,2,428,446
samtranslator/utils/py27hash_fix.py,method,Py27Dict,values,A,2,542,551
samtranslator/utils/py27hash_fix.py,method,Py27Dict,items,A,2,553,562
samtranslator/utils/py27hash_fix.py,method,Py27Dict,setdefault,A,2,564,579
samtranslator/utils/traverse.py,function,,_traverse_dict,A,2,36,50
samtranslator/utils/traverse.py,function,,_traverse_list,A,2,53,67
samtranslator/utils/utils.py,function,,as_array,A,2,5,7
samtranslator/utils/utils.py,method,InvalidValueType,__init__,A,2,27,31
samtranslator/validator/validator.py,function,,is_object,A,2,206,223
samtranslator/validator/validator.py,function,,is_intrinsic,A,2,226,242
samtranslator/validator/validator.py,function,,has_intrinsic_attr,A,2,245,260
samtranslator/validator/validator.py,method,SamTemplateValidator,get_errors,A,2,81,110
samtranslator/validator/value_validator.py,method,_ResourcePropertyValueValidator,resource_logical_id,A,2,38,39
samtranslator/validator/value_validator.py,method,_ResourcePropertyValueValidator,event_id,A,2,42,43
samtranslator/validator/value_validator.py,method,_ResourcePropertyValueValidator,to_be_a_list_of,A,2,98,108
samtranslator/feature_toggle/feature_toggle.py,method,FeatureToggleAppConfigConfigProvider,__init__,A,3,137,162
samtranslator/internal/utils/utils.py,function,,remove_none_values,A,3,7,9
samtranslator/intrinsics/actions.py,function,,_get_parameter_value,A,3,9,31
samtranslator/intrinsics/actions.py,method,Action,can_handle,A,3,68,76
samtranslator/intrinsics/actions.py,method,SubAction,_handle_sub_action,A,3,341,359
samtranslator/intrinsics/actions.py,method,SubAction,_sub_all_refs,A,3,384,424
samtranslator/intrinsics/actions.py,method,GetAttAction,_get_resolved_dictionary,A,3,542,558
samtranslator/intrinsics/actions.py,function,,do_replacement,A,3,250,279
samtranslator/intrinsics/actions.py,function,,do_replacement,A,3,310,337
samtranslator/intrinsics/resolver.py,method,IntrinsicsResolver,_is_intrinsic_dict,A,3,244,252
samtranslator/metrics/metrics.py,method,CWMetricsPublisher,publish,A,3,41,55
samtranslator/metrics/metrics.py,method,MetricDatum,__init__,A,3,97,118
samtranslator/model/apigateway.py,method,ApiGatewayAuthorizer,_build_identity_source_item_array,A,3,469,478
samtranslator/model/apigateway.py,method,ApiGatewayAuthorizer,_get_swagger_header_name,A,3,502,509
samtranslator/model/apigateway.py,method,ApiGatewayAuthorizer,_get_type,A,3,511,518
samtranslator/model/apigateway.py,method,ApiGatewayAuthorizer,_get_function_invoke_role,A,3,539,543
samtranslator/model/apigateway.py,method,ApiGatewayAuthorizer,_get_swagger_authtype,A,3,545,553
samtranslator/model/apigatewayv2.py,method,ApiGatewayV2WebSocketApi,assign_tags,A,3,61,69
samtranslator/model/apigatewayv2.py,method,ApiGatewayV2Stage,assign_tags,A,3,90,98
samtranslator/model/apigatewayv2.py,method,ApiGatewayV2DomainName,assign_tags,A,3,115,123
samtranslator/model/apigatewayv2.py,method,ApiGatewayV2Authorizer,_get_auth_type,A,3,236,241
samtranslator/model/apigatewayv2.py,method,ApiGatewayV2Authorizer,_validate_jwt_authorizer,A,3,286,293
samtranslator/model/apigatewayv2.py,method,ApiGatewayV2Authorizer,_validate_lambda_authorizer,A,3,296,303
samtranslator/model/apigatewayv2.py,method,ApiGatewayV2Authorizer,_get_function_invoke_role,A,3,379,383
samtranslator/model/apigatewayv2.py,method,ApiGatewayV2Authorizer,_get_jwt_configuration,A,3,417,444
samtranslator/model/intrinsics.py,function,,make_shorthand,A,3,119,137
samtranslator/model/intrinsics.py,function,,validate_intrinsic_if_items,A,3,172,187
samtranslator/model/intrinsics.py,function,,is_intrinsic_no_value,A,3,190,203
samtranslator/model/resource_policies.py,method,ResourcePolicies,_contains_policies,A,3,100,110
samtranslator/model/sam_resources.py,method,SamFunction,_make_and_conditions,A,3,610,621
samtranslator/model/sam_resources.py,method,SamFunction,_validate_package_type,A,3,923,963
samtranslator/model/sam_resources.py,function,,_validate_package_type_zip,A,3,935,945
samtranslator/model/sam_resources.py,function,,_validate_package_type_image,A,3,948,957
samtranslator/model/sam_resources.py,method,SamFunction,_construct_function_url,A,3,1366,1398
samtranslator/model/sam_resources.py,method,SamConnector,_get_policy_statements,A,3,2545,2553
samtranslator/model/types.py,function,,validate,A,3,35,40
samtranslator/model/__init__.py,method,Resource,_validate_logical_id,A,3,261,275
samtranslator/model/__init__.py,method,Resource,get_passthrough_resource_attributes,A,3,515,526
samtranslator/model/__init__.py,method,SamResourceMacro,_combine_string,A,3,756,757
samtranslator/model/__init__.py,method,ResourceTypeResolver,can_resolve,A,3,828,832
samtranslator/model/__init__.py,method,ResourceTypeResolver,resolve_resource_type,A,3,834,849
samtranslator/model/api/apiv2_generator.py,method,ApiV2Generator,_construct_record_sets_for_domain,A,3,232,254
samtranslator/model/api/apiv2_generator.py,method,ApiV2Generator,_update_route53_routing_policy_properties,A,3,257,261
samtranslator/model/api/apiv2_generator.py,method,ApiV2Generator,_construct_alias_target,A,3,263,279
samtranslator/model/api/api_generator.py,method,ApiGenerator,_add_endpoint_extension,A,3,366,380
samtranslator/model/api/api_generator.py,method,ApiGenerator,_get_record_set_group,A,3,754,761
samtranslator/model/api/api_generator.py,method,ApiGenerator,_construct_record_sets_for_domain,A,3,782,802
samtranslator/model/api/api_generator.py,method,ApiGenerator,_update_route53_routing_policy_properties,A,3,805,809
samtranslator/model/api/api_generator.py,method,ApiGenerator,_create_basepath_mapping,A,3,830,851
samtranslator/model/api/api_generator.py,method,ApiGenerator,_construct_api_key,A,3,1173,1216
samtranslator/model/api/http_api_generator.py,method,HttpApiGenerator,_add_endpoint_configuration,A,3,142,166
samtranslator/model/api/websocket_api_generator.py,method,WebSocketApiGenerator,_sanitize_route_key,A,3,199,208
samtranslator/model/api/websocket_api_generator.py,method,WebSocketApiGenerator,_construct_route,A,3,234,252
samtranslator/model/api/websocket_api_generator.py,method,WebSocketApiGenerator,_construct_permission,A,3,290,315
samtranslator/model/capacity_provider/generators.py,method,CapacityProviderGenerator,_transform_scaling_config,A,3,152,178
samtranslator/model/connector/connector.py,function,,replace_depends_on_logical_id,A,3,68,76
samtranslator/model/connector/connector.py,function,,_is_valid_resource_reference,A,3,102,107
samtranslator/model/connector/connector.py,function,,_get_resource_role_name,A,3,213,227
samtranslator/model/connector_profiles/profile.py,function,,_sanitize,A,3,55,57
samtranslator/model/eventsources/pull.py,method,DocumentDB,add_extra_eventsourcemapping_fields,A,3,851,858
samtranslator/model/eventsources/push.py,method,S3,_depend_on_lambda_permissions,A,3,387,417
samtranslator/model/eventsources/push.py,method,S3,_depend_on_lambda_permissions_using_tag,A,3,419,448
samtranslator/model/eventsources/push.py,method,SNS,_check_fifo_topic,A,3,608,619
samtranslator/model/eventsources/push.py,method,Api,get_rest_api_id_string,A,3,1066,1074
samtranslator/model/eventsources/push.py,method,HttpApi,resources_to_link,A,3,1348,1360
samtranslator/model/preferences/deployment_preference_collection.py,method,DeploymentPreferenceCollection,can_skip_service_role,A,3,95,101
samtranslator/model/preferences/deployment_preference_collection.py,method,DeploymentPreferenceCollection,get_all_deployment_conditions,A,3,113,122
samtranslator/model/preferences/deployment_preference_collection.py,method,DeploymentPreferenceCollection,enabled_logical_ids,A,3,131,135
samtranslator/model/role_utils/role_constructor.py,function,,_convert_intrinsic_if_values,A,3,64,89
samtranslator/model/s3_utils/uri_parser.py,function,,to_s3_uri,A,3,38,56
samtranslator/model/stepfunctions/events.py,method,EventSource,_generate_logical_id,A,3,37,52
samtranslator/model/stepfunctions/events.py,method,CloudWatchEvent,to_cloudformation,A,3,242,283
samtranslator/model/stepfunctions/events.py,method,Api,to_cloudformation,A,3,355,386
samtranslator/model/stepfunctions/generators.py,method,StateMachineGenerator,_construct_role,A,3,221,247
samtranslator/model/stepfunctions/generators.py,method,StateMachineGenerator,_construct_version,A,3,260,283
samtranslator/model/stepfunctions/generators.py,method,StateMachineGenerator,_replace_dynamic_values_with_substitutions,A,3,362,379
samtranslator/open_api/base_editor.py,method,BaseEditor,method_has_integration,A,3,60,74
samtranslator/open_api/base_editor.py,method,BaseEditor,add_path,A,3,157,176
samtranslator/open_api/base_editor.py,method,BaseEditor,_get_authorization_scopes,A,3,192,203
samtranslator/open_api/open_api.py,method,OpenApiEditor,add_authorizers_security_definitions,A,3,238,247
samtranslator/open_api/open_api.py,method,OpenApiEditor,add_endpoint_config,A,3,393,420
samtranslator/plugins/sam_plugins.py,method,SamPlugins,_get,A,3,95,107
samtranslator/plugins/api/implicit_http_api_plugin.py,method,ImplicitHttpApiPlugin,_add_route_settings_to_api,A,3,101,137
samtranslator/plugins/api/implicit_rest_api_plugin.py,method,ImplicitRestApiPlugin,_process_api_events,A,3,38,78
samtranslator/plugins/application/serverless_app_plugin.py,method,ServerlessAppPlugin,_sar_client,A,3,92,101
samtranslator/plugins/application/serverless_app_plugin.py,method,ServerlessAppPlugin,_check_for_dictionary_key,A,3,334,345
samtranslator/plugins/application/serverless_app_plugin.py,method,ServerlessAppPlugin,_sar_service_call,A,3,424,439
samtranslator/plugins/globals/globals.py,method,GlobalProperties,_merge_dict,A,3,489,510
samtranslator/plugins/policies/policy_templates_plugin.py,method,PolicyTemplatesForResourcePlugin,_process_intrinsic_if_policy_template,A,3,70,87
samtranslator/plugins/policies/policy_templates_plugin.py,method,PolicyTemplatesForResourcePlugin,_process_policy_template,A,3,89,104
samtranslator/policy_template_processor/processor.py,method,PolicyTemplatesProcessor,_is_valid_templates_dict,A,3,106,125
samtranslator/swagger/swagger.py,method,SwaggerEditor,_get_invoke_role,A,3,249,251
samtranslator/swagger/swagger.py,method,SwaggerEditor,_make_cors_allowed_methods_for_path_item,A,3,438,469
samtranslator/swagger/swagger.py,method,SwaggerEditor,add_awsiam_security_definition,A,3,487,506
samtranslator/swagger/swagger.py,method,SwaggerEditor,add_gateway_responses,A,3,863,872
samtranslator/swagger/swagger.py,method,SwaggerEditor,_validate_list_property_is_resolved,A,3,1297,1305
samtranslator/third_party/py27hash/hash.py,method,Hash,thash,A,3,59,90
samtranslator/third_party/py27hash/hash.py,method,Hash,fhash,A,3,93,127
samtranslator/translator/arn_generator.py,function,,_region_to_partition,A,3,16,32
samtranslator/translator/logical_id_generator.py,method,LogicalIdGenerator,get_hash,A,3,49,67
samtranslator/translator/managed_policy_translator.py,method,ManagedPolicyLoader,_load_policies_from_iam,A,3,18,34
samtranslator/translator/translator.py,method,Translator,__init__,A,3,48,72
samtranslator/translator/translator.py,method,Translator,_delete_connectors_attribute,A,3,308,312
samtranslator/translator/translator.py,method,Translator,_get_generated_connector,A,3,365,406
samtranslator/utils/cfn_dynamic_references.py,function,,is_dynamic_reference,A,3,5,15
samtranslator/utils/py27hash_fix.py,method,Py27Keys,__deepcopy__,A,3,178,186
samtranslator/utils/py27hash_fix.py,method,Py27Keys,remove,A,3,238,243
samtranslator/utils/py27hash_fix.py,method,Py27Keys,keys,A,3,265,267
samtranslator/utils/py27hash_fix.py,method,Py27Keys,__setstate__,A,3,269,284
samtranslator/utils/py27hash_fix.py,method,Py27Keys,__eq__,A,3,292,297
samtranslator/utils/py27hash_fix.py,method,Py27Dict,__deepcopy__,A,3,358,367
samtranslator/utils/py27hash_fix.py,method,Py27Dict,popitem,A,3,468,484
samtranslator/utils/utils.py,function,,insert_unique,A,3,10,23
samtranslator/internal/intrinsics.py,function,,resolve_string_parameter_in_resource,A,4,7,23
samtranslator/internal/schema_source/schema.py,function,,_replace_in_dict,A,4,93,104
samtranslator/intrinsics/actions.py,method,RefAction,resolve_parameter_refs,A,4,111,132
samtranslator/intrinsics/actions.py,method,GetAttAction,resolve_resource_refs,A,4,436,487
samtranslator/intrinsics/actions.py,method,GetAttAction,resolve_resource_id_refs,A,4,489,530
samtranslator/intrinsics/actions.py,method,GetAttAction,_check_input_value,A,4,532,540
samtranslator/intrinsics/resolver.py,method,IntrinsicsResolver,_traverse,A,4,103,150
samtranslator/metrics/metrics.py,method,CWMetricsPublisher,_flush_metrics,A,4,57,66
samtranslator/model/apigateway.py,method,ApiGatewayResponse,_add_prefixes,A,4,192,210
samtranslator/model/apigateway.py,method,ApiGatewayAuthorizer,_get_identity_source,A,4,480,497
samtranslator/model/apigateway.py,method,ApiGatewayAuthorizer,_get_swagger_authorizer_type,A,4,558,572
samtranslator/model/apigatewayv2.py,method,ApiGatewayV2Authorizer,__init__,A,4,187,233
samtranslator/model/apigatewayv2.py,method,ApiGatewayV2Authorizer,_get_identity_source,A,4,385,414
samtranslator/model/eventbridge_utils.py,method,EventBridgeRuleUtils,get_dlq_queue_arn_and_resources,A,4,44,59
samtranslator/model/exceptions.py,method,InvalidDocumentException,metadata,A,4,47,55
samtranslator/model/intrinsics.py,function,,make_combined_condition,A,4,81,116
samtranslator/model/resource_policies.py,method,ResourcePolicies,_is_policy_template,A,4,146,159
samtranslator/model/sam_resources.py,method,SamFunction,_validate_dlq,A,4,965,982
samtranslator/model/sam_resources.py,method,SamFunction,_event_resources_to_link,A,4,984,995
samtranslator/model/sam_resources.py,method,SamFunction,_construct_alias,A,4,1232,1268
samtranslator/model/sam_resources.py,method,SamFunction,_resolve_property_to_boolean,A,4,1333,1364
samtranslator/model/sam_resources.py,method,SamFunction,_construct_url_permission,A,4,1458,1496
samtranslator/model/sam_resources.py,method,SamFunction,_construct_invoke_permission,A,4,1498,1537
samtranslator/model/sam_resources.py,method,SamStateMachine,_event_resources_to_link,A,4,2390,2401
samtranslator/model/sam_resources.py,method,SamGraphQLApi,_construct_ddb_datasources,A,4,3158,3192
samtranslator/model/sam_resources.py,method,SamGraphQLApi,_parse_ddb_datasource_role,A,4,3194,3227
samtranslator/model/sam_resources.py,method,SamGraphQLApi,_construct_lambda_datasources,A,4,3276,3311
samtranslator/model/sam_resources.py,method,SamGraphQLApi,_parse_appsync_resolver_functions,A,4,3578,3597
samtranslator/model/types.py,function,,validate,A,4,124,130
samtranslator/model/update_policy.py,method,UpdatePolicy,to_dict,A,4,25,36
samtranslator/model/__init__.py,method,StringEnumExpectedType,__init__,A,4,27,38
samtranslator/model/__init__.py,method,Resource,__init__,A,4,166,191
samtranslator/model/__init__.py,method,Resource,_generate_resource_dict,A,4,325,347
samtranslator/model/__init__.py,method,Resource,__setattr__,A,4,349,362
samtranslator/model/__init__.py,method,Resource,validate_properties_and_return_model,A,4,366,384
samtranslator/model/__init__.py,method,Resource,_format_single_error,A,4,431,440
samtranslator/model/__init__.py,method,SamResourceMacro,_construct_tag_list,A,4,635,653
samtranslator/model/__init__.py,method,SamResourceMacro,propagate_tags,A,4,690,706
samtranslator/model/api/api_generator.py,method,SharedApiUsagePlan,_set_deletion_policy,A,4,140,147
samtranslator/model/api/api_generator.py,method,ApiGenerator,_construct_single_record_set_group,A,4,763,780
samtranslator/model/api/api_generator.py,method,ApiGenerator,_add_binary_media_types,A,4,1019,1035
samtranslator/model/api/http_api_generator.py,method,HttpApiGenerator,_update_default_path,A,4,232,243
samtranslator/model/api/websocket_api_generator.py,method,WebSocketApiGenerator,_construct_websocket_api,A,4,119,142
samtranslator/model/api/websocket_api_generator.py,method,WebSocketApiGenerator,_construct_stage,A,4,333,363
samtranslator/model/capacity_provider/generators.py,method,CapacityProviderGenerator,__init__,A,4,23,51
samtranslator/model/capacity_provider/generators.py,method,CapacityProviderGenerator,_transform_instance_requirements,A,4,135,150
samtranslator/model/connector/connector.py,function,,_get_resource_role_property,A,4,196,210
samtranslator/model/eventsources/pull.py,method,SelfManagedKafka,validate_uri,A,4,787,797
samtranslator/model/eventsources/push.py,function,,_build_apigw_integration_uri,A,4,1563,1585
samtranslator/model/eventsources/push.py,method,PushEventSource,_construct_permission,A,4,72,104
samtranslator/model/eventsources/push.py,method,Schedule,_construct_target,A,4,182,199
samtranslator/model/eventsources/push.py,method,Api,resources_to_link_for_rest_api,A,4,713,746
samtranslator/model/eventsources/push.py,method,Api,_get_permission,A,4,827,849
samtranslator/model/eventsources/scheduler.py,method,SchedulerEventSource,_construct_scheduler_schedule_target,A,4,197,220
samtranslator/model/preferences/deployment_preference_collection.py,method,DeploymentPreferenceCollection,needs_resource_condition,A,4,103,110
samtranslator/model/preferences/deployment_preference_collection.py,method,DeploymentPreferenceCollection,_convert_alarms,A,4,237,267
samtranslator/model/tags/resource_tagging.py,function,,get_tag_list,A,4,8,36
samtranslator/open_api/base_editor.py,method,BaseEditor,_normalize_method_name,A,4,96,112
samtranslator/plugins/sam_plugins.py,method,SamPlugins,__init__,A,4,50,65
samtranslator/plugins/sam_plugins.py,method,SamPlugins,register,A,4,67,83
samtranslator/plugins/api/implicit_api_plugin.py,method,ImplicitApiPlugin,_add_combined_condition_to_template,A,4,382,401
samtranslator/plugins/api/implicit_api_plugin.py,method,ImplicitApiPlugin,_maybe_remove_implicit_api,A,4,449,467
samtranslator/plugins/application/serverless_app_plugin.py,method,ServerlessAppPlugin,__init__,A,4,56,89
samtranslator/plugins/globals/globals.py,method,Globals,__init__,A,4,142,159
samtranslator/plugins/globals/globals.py,method,GlobalProperties,_token_of,A,4,523,542
samtranslator/plugins/globals/globals_plugin.py,method,GlobalsPlugin,on_before_transform_template,A,4,19,47
samtranslator/sdk/resource.py,method,SamResource,valid,A,4,35,48
samtranslator/swagger/swagger.py,method,SwaggerEditor,add_authorizers_security_definitions,A,4,471,485
samtranslator/swagger/swagger.py,method,SwaggerEditor,add_apikey_security_definition,A,4,508,530
samtranslator/swagger/swagger.py,method,SwaggerEditor,add_request_validator_to_method,A,4,793,822
samtranslator/swagger/swagger.py,method,SwaggerEditor,add_models,A,4,874,890
samtranslator/third_party/py27hash/hash.py,method,Hash,shash,A,4,130,159
samtranslator/translator/arn_generator.py,method,ArnGenerator,get_partition_name,A,4,101,129
samtranslator/translator/verify_logical_id.py,function,,verify_unique_logical_id,A,4,26,35
samtranslator/utils/py27hash_fix.py,method,Py27Keys,_resize,A,4,219,236
samtranslator/utils/traverse.py,function,,traverse,A,4,6,33
samtranslator/validator/validator.py,method,SamTemplateValidator,__init__,A,4,21,54
samtranslator/region_configuration.py,method,RegionConfiguration,is_service_supported,A,5,24,53
samtranslator/internal/schema_source/schema.py,function,,extend_with_cfn_schema,A,5,133,176
samtranslator/intrinsics/actions.py,method,Action,_parse_resource_reference,A,5,79,105
samtranslator/intrinsics/actions.py,method,RefAction,resolve_resource_refs,A,5,134,163
samtranslator/intrinsics/actions.py,method,SubAction,_handle_sub_value,A,5,361,382
samtranslator/metrics/method_decorator.py,function,,_get_metric_name,A,5,43,70
samtranslator/model/apigateway.py,method,ApiGatewayAuthorizer,_get_identity_header,A,5,520,531
samtranslator/model/intrinsics.py,function,,is_intrinsic,A,5,140,153
samtranslator/model/resource_policies.py,method,ResourcePolicies,_get_policies,A,5,59,98
samtranslator/model/resource_policies.py,method,ResourcePolicies,_get_type_from_intrinsic_if,A,5,162,192
samtranslator/model/sam_resources.py,method,SamFunction,_transform_capacity_provider_config,A,5,794,834
samtranslator/model/sam_resources.py,method,SamCapacityProvider,to_cloudformation,A,5,1580,1620
samtranslator/model/sam_resources.py,method,SamConnector,_construct_sns_topic_policy,A,5,2639,2667
samtranslator/model/sam_resources.py,method,SamConnector,_construct_sqs_queue_policy,A,5,2669,2697
samtranslator/model/sam_resources.py,method,SamConnector,_add_connector_metadata,A,5,2699,2739
samtranslator/model/sam_resources.py,method,SamGraphQLApi,_parse_logging_properties,A,5,3033,3054
samtranslator/model/sam_resources.py,method,SamGraphQLApi,_construct_appsync_schema,A,5,3070,3089
samtranslator/model/sam_resources.py,method,SamGraphQLApi,_parse_ddb_config,A,5,3229,3245
samtranslator/model/sam_resources.py,method,SamGraphQLApi,_parse_function_code_properties,A,5,3481,3503
samtranslator/model/types.py,function,,validate,A,5,61,74
samtranslator/model/__init__.py,method,Resource,_validate_resource_dict,A,5,278,296
samtranslator/model/__init__.py,method,SamResourceMacro,get_resource_references,A,5,610,633
samtranslator/model/__init__.py,method,SamResourceMacro,_is_property_present,A,5,783,805
samtranslator/model/__init__.py,method,ResourceTypeResolver,__init__,A,5,812,826
samtranslator/model/api/apiv2_generator.py,method,ApiV2Generator,_construct_basepath_mappings,A,5,198,230
samtranslator/model/api/api_generator.py,method,SharedApiUsagePlan,get_combined_resource_attributes,A,5,113,138
samtranslator/model/api/api_generator.py,method,ApiGenerator,_construct_stage,A,5,439,482
samtranslator/model/api/api_generator.py,method,ApiGenerator,_construct_alias_target,A,5,811,828
samtranslator/model/api/api_generator.py,method,ApiGenerator,_get_authorizers,A,5,1438,1467
samtranslator/model/api/http_api_generator.py,method,HttpApiGenerator,_set_default_authorizer,A,5,336,366
samtranslator/model/api/http_api_generator.py,method,HttpApiGenerator,_get_authorizers,A,5,368,408
samtranslator/model/api/http_api_generator.py,method,HttpApiGenerator,_add_description,A,5,479,505
samtranslator/model/api/http_api_generator.py,method,HttpApiGenerator,_add_title,A,5,507,533
samtranslator/model/api/websocket_api_generator.py,method,WebSocketApiGenerator,_construct_authorizer,A,5,144,164
samtranslator/model/api/websocket_api_generator.py,method,WebSocketApiGenerator,_construct_authorizer_permission,A,5,166,183
samtranslator/model/capacity_provider/generators.py,method,CapacityProviderGenerator,_transform_managed_resource_tags,A,5,223,235
samtranslator/model/connector_profiles/profile.py,function,,_map_nested,A,5,47,52
samtranslator/model/eventsources/pull.py,method,PullEventSource,_validate_filter_criteria,A,5,274,286
samtranslator/model/eventsources/pull.py,method,PullEventSource,get_registry_name,A,5,437,444
samtranslator/model/eventsources/pull.py,method,SelfManagedKafka,get_policy_statements,A,5,675,702
samtranslator/model/eventsources/push.py,method,S3,resources_to_link,A,5,331,338
samtranslator/model/eventsources/push.py,method,SNS,_inject_subscription,A,5,621,649
samtranslator/model/eventsources/push.py,method,Api,_get_merged_definitions,A,5,1031,1063
samtranslator/model/eventsources/push.py,method,Cognito,resources_to_link,A,5,1237,1248
samtranslator/model/eventsources/scheduler.py,method,SchedulerEventSource,to_cloudformation,A,5,79,132
samtranslator/model/eventsources/scheduler.py,method,SchedulerEventSource,_construct_execution_role,A,5,166,195
samtranslator/model/eventsources/scheduler.py,method,SchedulerEventSource,_get_dlq_queue_arn_and_resources,A,5,222,244
samtranslator/model/preferences/deployment_preference_collection.py,method,DeploymentPreferenceCollection,_build_alarm_configuration,A,5,269,296
samtranslator/open_api/base_editor.py,method,BaseEditor,has_integration,A,5,133,155
samtranslator/open_api/base_editor.py,method,BaseEditor,iter_on_method_definitions_for_path_at_method,A,5,205,227
samtranslator/open_api/open_api.py,method,OpenApiEditor,add_auth_to_method,A,5,304,320
samtranslator/open_api/open_api.py,method,OpenApiEditor,openapi,A,5,515,539
samtranslator/open_api/open_api.py,method,OpenApiEditor,is_valid,A,5,542,552
samtranslator/plugins/api/implicit_api_plugin.py,method,ImplicitApiPlugin,on_before_transform_template,A,5,120,167
samtranslator/plugins/application/serverless_app_plugin.py,method,ServerlessAppPlugin,_make_service_call_with_retry,A,5,168,185
samtranslator/plugins/globals/globals.py,method,GlobalProperties,_do_merge,A,5,450,476
samtranslator/policy_template_processor/template.py,method,Template,to_statement,A,5,30,64
samtranslator/sdk/parameter.py,method,SamParameterValues,add_pseudo_parameter_values,A,5,68,84
samtranslator/swagger/swagger.py,method,SwaggerEditor,_options_method_response_for_cors,A,5,355,436
samtranslator/swagger/swagger.py,method,SwaggerEditor,_set_method_apikey_handling,A,5,758,791
samtranslator/swagger/swagger.py,method,SwaggerEditor,add_request_parameters_to_method,A,5,1165,1202
samtranslator/translator/arn_generator.py,method,ArnGenerator,generate_arn,A,5,39,87
samtranslator/translator/translator.py,function,,prepare_plugins,A,5,409,437
samtranslator/utils/py27hash_fix.py,method,Py27Keys,merge,A,5,302,319
samtranslator/utils/py27hash_fix.py,method,Py27Dict,update,A,5,398,419
samtranslator/utils/py27hash_fix.py,method,Py27Dict,__str__,A,5,496,519
samtranslator/utils/utils.py,function,,dict_deep_get,A,5,34,51
samtranslator/utils/utils.py,function,,dict_deep_set,A,5,54,73
samtranslator/validator/validator.py,method,SamTemplateValidator,_cleanup_error_message,A,5,144,166
samtranslator/validator/value_validator.py,method,_ResourcePropertyValueValidator,to_not_be_none,A,5,69,83
samtranslator/yaml_helper.py,function,,intrinsics_multi_constructor,B,6,14,48
samtranslator/intrinsics/actions.py,method,RefAction,resolve_resource_id_refs,B,6,165,192
samtranslator/model/apigatewayv2.py,method,ApiGatewayV2Authorizer,_validate_input_parameters,B,6,273,283
samtranslator/model/sam_resources.py,method,SamFunction,_make_lambda_role,B,6,433,488
samtranslator/model/sam_resources.py,method,SamFunction,_generate_event_resources,B,6,1012,1056
samtranslator/model/sam_resources.py,method,SamFunction,_validate_url_auth_type,B,6,1409,1420
samtranslator/model/sam_resources.py,method,SamHttpApi,to_cloudformation,B,6,1831,1899
samtranslator/model/sam_resources.py,method,SamApplication,_get_application_tags,B,6,2113,2121
samtranslator/model/sam_resources.py,method,SamLayerVersion,_get_retention_policy_value,B,6,2235,2266
samtranslator/model/sam_resources.py,method,SamLayerVersion,_validate_architectures,B,6,2269,2292
samtranslator/model/sam_resources.py,method,SamConnector,to_cloudformation,B,6,2423,2454
samtranslator/model/sam_resources.py,method,SamGraphQLApi,_construct_appsync_function_configurations,B,6,3370,3410
samtranslator/model/sam_resources.py,method,SamGraphQLApi,_parse_datasource_name,B,6,3442,3478
samtranslator/model/__init__.py,method,Resource,from_dict,B,6,210,258
samtranslator/model/api/api_generator.py,method,SharedApiUsagePlan,_set_update_replace_policy,B,6,149,159
samtranslator/model/api/api_generator.py,method,ApiGenerator,_get_basepaths,B,6,732,740
samtranslator/model/api/api_generator.py,method,ApiGenerator,_set_optional_domain_properties,B,6,742,752
samtranslator/model/api/api_generator.py,method,ApiGenerator,_construct_authorizer_lambda_permission,B,6,1495,1515
samtranslator/model/api/api_generator.py,method,ApiGenerator,_set_default_authorizer,B,6,1517,1546
samtranslator/model/api/http_api_generator.py,method,HttpApiGenerator,_construct_body_s3_dict,B,6,410,438
samtranslator/model/api/websocket_api_generator.py,method,WebSocketApiGenerator,_set_auth_type_and_return_custom_authorizer,B,6,254,272
samtranslator/model/connector/connector.py,function,,_get_events_rule_role,B,6,183,193
samtranslator/model/eventsources/push.py,function,,_check_valid_authorizer_types,B,6,1588,1604
samtranslator/model/eventsources/push.py,method,SNS,to_cloudformation,B,6,515,606
samtranslator/model/eventsources/push.py,method,Cognito,_inject_lambda_config,B,6,1280,1303
samtranslator/model/eventsources/scheduler.py,method,SchedulerEventSource,_construct_scheduler_schedule_without_target,B,6,134,164
samtranslator/model/preferences/deployment_preference_collection.py,method,DeploymentPreferenceCollection,deployment_group,B,6,195,235
samtranslator/model/stepfunctions/events.py,method,Api,_add_swagger_integration,B,6,388,437
samtranslator/model/stepfunctions/generators.py,method,StateMachineGenerator,_construct_definition_uri,B,6,176,204
samtranslator/open_api/base_editor.py,method,BaseEditor,get_conditional_contents,B,6,29,48
samtranslator/open_api/base_editor.py,method,BaseEditor,has_path,B,6,114,131
samtranslator/open_api/open_api.py,method,OpenApiEditor,iter_on_all_methods_for_path,B,6,171,189
samtranslator/open_api/open_api.py,method,OpenApiEditor,add_tags,B,6,365,391
samtranslator/plugins/sam_plugins.py,method,SamPlugins,act,B,6,109,136
samtranslator/plugins/api/implicit_http_api_plugin.py,method,ImplicitHttpApiPlugin,_process_api_events,B,6,36,87
samtranslator/plugins/application/serverless_app_plugin.py,method,ServerlessAppPlugin,_can_process_application,B,6,204,216
samtranslator/plugins/policies/policy_templates_plugin.py,method,PolicyTemplatesForResourcePlugin,on_before_transform_resource,B,6,33,68
samtranslator/sdk/template.py,method,SamTemplate,iterate,B,6,25,41
samtranslator/swagger/swagger.py,method,SwaggerEditor,add_disable_execute_api_endpoint_extension,B,6,90,119
samtranslator/swagger/swagger.py,method,SwaggerEditor,add_state_machine_integration,B,6,181,243
samtranslator/swagger/swagger.py,method,SwaggerEditor,add_cors,B,6,277,326
samtranslator/swagger/swagger.py,method,SwaggerEditor,swagger,B,6,1205,1225
samtranslator/swagger/swagger.py,method,SwaggerEditor,is_valid,B,6,1228,1243
samtranslator/swagger/swagger.py,function,,replace_recursively,B,6,335,346
samtranslator/third_party/py27hash/hash.py,method,Hash,hash,B,6,36,56
samtranslator/validator/value_validator.py,method,_ResourcePropertyValueValidator,to_be_a,B,6,45,67
samtranslator/intrinsics/resolver.py,method,IntrinsicsResolver,__init__,B,7,14,36
samtranslator/intrinsics/resource_refs.py,method,SupportedResourceReferences,add,B,7,16,43
samtranslator/model/apigateway.py,method,ApiGatewayAuthorizer,__init__,B,7,331,378
samtranslator/model/eventbridge_utils.py,method,EventBridgeRuleUtils,validate_dlq_config,B,7,27,41
samtranslator/model/resource_policies.py,method,ResourcePolicies,_get_type,B,7,113,144
samtranslator/model/sam_resources.py,method,SamSimpleTable,_construct_dynamodb_table,B,7,2022,2060
samtranslator/model/sam_resources.py,method,SamLayerVersion,_construct_lambda_layer,B,7,2167,2233
samtranslator/model/sam_resources.py,method,SamConnector,_construct_lambda_permission_policy,B,7,2597,2637
samtranslator/model/types.py,function,,validate,B,7,89,110
samtranslator/model/types.py,function,,validate,B,7,150,165
samtranslator/model/__init__.py,method,Resource,validate_properties,B,7,442,463
samtranslator/model/__init__.py,method,SamResourceMacro,_get_property_value,B,7,759,781
samtranslator/model/api/api_generator.py,method,ApiGenerator,_validate_properties,B,7,350,364
samtranslator/model/api/api_generator.py,method,ApiGenerator,_add_models,B,7,1318,1347
samtranslator/model/api/http_api_generator.py,method,HttpApiGenerator,_add_auth,B,7,245,273
samtranslator/model/api/http_api_generator.py,method,HttpApiGenerator,_construct_authorizer_lambda_permission,B,7,305,334
samtranslator/model/connector/connector.py,function,,get_event_source_mappings,B,7,79,99
samtranslator/model/eventsources/pull.py,method,SelfManagedKafka,generate_policy_document,B,7,704,737
samtranslator/model/eventsources/push.py,method,S3,to_cloudformation,B,7,341,385
samtranslator/model/eventsources/push.py,method,Cognito,to_cloudformation,B,7,1252,1278
samtranslator/model/preferences/deployment_preference_collection.py,method,DeploymentPreferenceCollection,_replace_deployment_types,B,7,299,312
samtranslator/model/stepfunctions/events.py,method,Schedule,_construct_target,B,7,166,209
samtranslator/model/stepfunctions/generators.py,method,StateMachineGenerator,_generate_managed_traffic_shifting_resources,B,7,310,330
samtranslator/model/stepfunctions/generators.py,method,StateMachineGenerator,_generate_event_resources,B,7,332,360
samtranslator/open_api/open_api.py,method,OpenApiEditor,add_path_parameters_to_method,B,7,191,224
samtranslator/plugins/api/implicit_api_plugin.py,method,ImplicitApiPlugin,_maybe_add_condition_to_implicit_api,B,7,280,310
samtranslator/plugins/globals/globals.py,method,Globals,get_template_globals,B,7,161,197
samtranslator/policy_template_processor/template.py,function,,_traverse,B,7,88,96
samtranslator/sdk/parameter.py,method,SamParameterValues,add_default_parameter_values,B,7,24,66
samtranslator/swagger/swagger.py,method,SwaggerEditor,iter_on_all_methods_for_path,B,7,253,275
samtranslator/swagger/swagger.py,method,SwaggerEditor,_add_iam_resource_policy_for_method,B,7,972,1008
samtranslator/swagger/swagger.py,method,SwaggerEditor,_get_method_path_uri_list,B,7,1010,1032
samtranslator/swagger/swagger.py,method,SwaggerEditor,_add_custom_statement,B,7,1145,1163
samtranslator/swagger/swagger.py,method,SwaggerEditor,get_validator_name,B,7,1277,1294
samtranslator/translator/translator.py,method,Translator,_get_resources_to_iterate,B,7,250,298
samtranslator/utils/py27hash_fix.py,method,Py27Keys,add,B,7,245,263
samtranslator/validator/validator.py,method,SamTemplateValidator,_process_error,B,7,112,142
samtranslator/model/apigateway.py,method,ApiGatewayDeployment,make_auto_deployable,B,8,101,148
samtranslator/model/apigateway.py,method,ApiGatewayResponse,__init__,B,8,154,178
samtranslator/model/apigateway.py,method,ApiGatewayAuthorizer,_is_missing_identity_source,B,8,381,405
samtranslator/model/apigatewayv2.py,method,ApiGatewayV2Authorizer,generate_openapi,B,8,306,377
samtranslator/model/intrinsics.py,function,,get_logical_id_from_intrinsic,B,8,206,232
samtranslator/model/sam_resources.py,method,SamFunction,_construct_event_invoke_config,B,8,491,551
samtranslator/model/sam_resources.py,method,SamFunction,_get_or_make_condition,B,8,623,659
samtranslator/model/sam_resources.py,method,SamFunction,_validate_tenancy_config_compatibility,B,8,698,726
samtranslator/model/sam_resources.py,method,SamFunction,_construct_lambda_function,B,8,729,792
samtranslator/model/sam_resources.py,method,SamFunction,_add_event_invoke_managed_policy,B,8,836,852
samtranslator/model/sam_resources.py,method,SamFunction,_validate_cors_config_parameter,B,8,1423,1455
samtranslator/model/__init__.py,method,SamResourceMacro,propagate_tags_combine,B,8,656,687
samtranslator/model/api/api_generator.py,method,ApiGenerator,_construct_body_s3_dict,B,8,382,421
samtranslator/model/api/http_api_generator.py,method,HttpApiGenerator,_construct_http_api,B,8,99,140
samtranslator/model/api/http_api_generator.py,method,HttpApiGenerator,_add_tags,B,8,275,303
samtranslator/model/connector/connector.py,function,,get_resource_reference,B,8,110,179
samtranslator/model/eventsources/push.py,method,Schedule,to_cloudformation,B,8,135,180
samtranslator/model/eventsources/push.py,method,CloudWatchEvent,to_cloudformation,B,8,234,278
samtranslator/model/eventsources/push.py,method,CloudWatchEvent,_construct_target,B,8,280,307
samtranslator/model/preferences/deployment_preference.py,method,DeploymentPreference,from_dict,B,8,53,95
samtranslator/model/preferences/deployment_preference_collection.py,method,DeploymentPreferenceCollection,get_codedeploy_application,B,8,137,153
samtranslator/model/s3_utils/uri_parser.py,function,,parse_s3_uri,B,8,8,35
samtranslator/model/stepfunctions/events.py,method,Schedule,to_cloudformation,B,8,118,164
samtranslator/model/stepfunctions/events.py,method,CloudWatchEvent,_construct_target,B,8,285,316
samtranslator/model/stepfunctions/generators.py,method,StateMachineGenerator,_get_paths_to_intrinsics,B,8,381,405
samtranslator/open_api/open_api.py,method,OpenApiEditor,__init__,B,8,46,71
samtranslator/open_api/open_api.py,method,OpenApiEditor,is_integration_function_logical_id_match,B,8,73,115
samtranslator/parser/parser.py,method,Parser,validate_datatypes,B,8,26,55
samtranslator/plugins/api/default_definition_body_plugin.py,method,DefaultDefinitionBodyPlugin,on_before_transform_template,B,8,18,42
samtranslator/plugins/api/implicit_api_plugin.py,method,ImplicitApiPlugin,_add_tags_to_implicit_api_if_necessary,B,8,96,117
samtranslator/plugins/api/implicit_api_plugin.py,method,ImplicitApiPlugin,_get_api_events,B,8,180,207
samtranslator/plugins/api/implicit_api_plugin.py,method,ImplicitApiPlugin,_maybe_add_conditions_to_implicit_api_paths,B,8,403,437
samtranslator/plugins/application/serverless_app_plugin.py,method,ServerlessAppPlugin,on_before_transform_resource,B,8,275,332
samtranslator/swagger/swagger.py,method,SwaggerEditor,__init__,B,8,56,88
samtranslator/swagger/swagger.py,method,SwaggerEditor,add_auth_to_method,B,8,688,710
samtranslator/swagger/swagger.py,method,SwaggerEditor,add_resource_policy,B,8,892,965
samtranslator/swagger/swagger.py,method,SwaggerEditor,_add_ip_resource_policy_for_method,B,8,1034,1075
samtranslator/translator/translator.py,method,Translator,_get_embedded_connectors,B,8,314,363
samtranslator/utils/py27hash_fix.py,function,,_convert_to_py27_type,B,8,582,603
samtranslator/feature_toggle/feature_toggle.py,method,FeatureToggle,is_enabled,B,9,62,97
samtranslator/model/sam_resources.py,method,SamFunction,_construct_role,B,9,854,920
samtranslator/model/__init__.py,method,Resource,_format_all_errors,B,9,386,429
samtranslator/model/api/apiv2_generator.py,method,ApiV2Generator,_construct_route53_recordsetgroup,B,9,158,196
samtranslator/model/api/api_generator.py,method,SharedApiUsagePlan,_set_condition,B,9,161,182
samtranslator/model/api/api_generator.py,method,ApiGenerator,_set_endpoint_configuration,B,9,1553,1581
samtranslator/model/api/http_api_generator.py,method,HttpApiGenerator,_construct_stage,B,9,440,477
samtranslator/model/api/websocket_api_generator.py,method,WebSocketApiGenerator,__init__,B,9,32,116
samtranslator/model/api/websocket_api_generator.py,method,WebSocketApiGenerator,_validate_auth,B,9,212,231
samtranslator/model/connector_profiles/profile.py,function,,_profile_replace_str,B,9,60,83
samtranslator/model/eventsources/pull.py,method,PullEventSource,_validate_source_access_configurations,B,9,294,340
samtranslator/model/eventsources/pull.py,method,PullEventSource,get_schema_registry_permissions,B,9,383,435
samtranslator/model/eventsources/pull.py,method,MSK,get_policy_statements,B,9,536,559
samtranslator/model/eventsources/push.py,method,HttpApi,_add_openapi_integration,B,9,1453,1493
samtranslator/model/preferences/deployment_preference_collection.py,method,DeploymentPreferenceCollection,get_codedeploy_iam_role,B,9,155,193
samtranslator/model/role_utils/role_constructor.py,function,,_get_managed_policy_arn,B,9,13,61
samtranslator/open_api/open_api.py,method,OpenApiEditor,add_lambda_integration,B,9,117,169
samtranslator/plugins/api/implicit_api_plugin.py,method,ImplicitApiPlugin,_add_api_to_swagger,B,9,209,269
samtranslator/plugins/globals/globals.py,method,Globals,_parse,B,9,272,313
samtranslator/swagger/swagger.py,method,SwaggerEditor,add_request_model_to_method,B,9,824,861
samtranslator/translator/translator.py,method,Translator,_get_function_names,B,9,74,103
samtranslator/utils/actions.py,method,ResolveDependsOn,execute,B,9,27,51
samtranslator/model/sam_resources.py,method,SamFunction,_validate_deployment_preference_and_add_update_policy,B,10,1270,1330
samtranslator/model/sam_resources.py,method,SamGraphQLApi,to_cloudformation,B,10,2803,2847
samtranslator/model/sam_resources.py,method,SamGraphQLApi,_validate_and_extract_authorizer_config,B,10,2936,2989
samtranslator/model/api/api_generator.py,method,ApiGenerator,to_cloudformation,B,10,865,943
samtranslator/model/eventsources/push.py,method,S3,_inject_notification_configuration,B,10,450,490
samtranslator/model/s3_utils/uri_parser.py,function,,construct_s3_location_object,B,10,77,126
samtranslator/open_api/open_api.py,method,OpenApiEditor,set_path_default_authorizer,B,10,249,302
samtranslator/open_api/open_api.py,method,OpenApiEditor,_set_method_authorizer,B,10,322,363
samtranslator/plugins/api/implicit_api_plugin.py,method,ImplicitApiPlugin,_maybe_add_deletion_policy_to_implicit_api,B,10,313,343
samtranslator/plugins/application/serverless_app_plugin.py,method,ServerlessAppPlugin,on_before_transform_template,B,10,109,166
samtranslator/plugins/globals/globals.py,method,Globals,fix_openapi_definitions,B,10,237,270
samtranslator/model/apigateway.py,method,ApiGatewayAuthorizer,generate_swagger,C,11,407,457
samtranslator/model/sam_resources.py,method,SamConnector,_construct_iam_policy,C,11,2556,2595
samtranslator/model/sam_resources.py,method,SamGraphQLApi,_construct_appsync_api_resources,C,11,2849,2889
samtranslator/model/sam_resources.py,method,SamGraphQLApi,_construct_appsync_resolver_resources,C,11,3522,3576
samtranslator/model/api/http_api_generator.py,method,HttpApiGenerator,_add_cors,C,11,168,230
samtranslator/model/api/websocket_api_generator.py,method,WebSocketApiGenerator,_to_cloudformation,C,11,366,409
samtranslator/model/eventsources/push.py,method,Api,to_cloudformation,C,11,750,810
samtranslator/open_api/open_api.py,method,OpenApiEditor,add_cors,C,11,422,491
samtranslator/plugins/application/serverless_app_plugin.py,method,ServerlessAppPlugin,on_after_transform_template,C,11,348,397
samtranslator/utils/py27hash_fix.py,function,,_template_has_api_resource,C,11,606,626
samtranslator/intrinsics/actions.py,method,FindInMapAction,resolve_parameter_refs,C,12,570,625
samtranslator/model/sam_resources.py,method,SamGraphQLApi,_parse_and_set_auth_properties,C,12,2891,2934
samtranslator/model/api/api_generator.py,method,ApiGenerator,_add_auth,C,12,1037,1086
samtranslator/model/capacity_provider/generators.py,method,CapacityProviderGenerator,_create_capacity_provider,C,12,76,124
samtranslator/model/eventsources/pull.py,method,PullEventSource,validate_schema_registry_config,C,12,353,380
samtranslator/model/eventsources/push.py,method,HttpApi,_get_permission,C,12,1399,1451
samtranslator/model/role_utils/role_constructor.py,function,,construct_role_for_resource,C,12,92,196
samtranslator/model/stepfunctions/generators.py,method,StateMachineGenerator,to_cloudformation,C,12,118,174
samtranslator/plugins/api/implicit_api_plugin.py,method,ImplicitApiPlugin,_maybe_add_update_replace_policy_to_implicit_api,C,12,345,380
samtranslator/swagger/swagger.py,method,SwaggerEditor,set_path_default_apikey_required,C,12,621,686
samtranslator/swagger/swagger.py,method,SwaggerEditor,_set_method_authorizer,C,12,712,756
samtranslator/model/sam_resources.py,method,SamFunction,_validate_and_inject_resource,C,13,553,608
samtranslator/model/api/api_generator.py,method,ApiGenerator,_add_gateway_responses,C,13,1250,1316
samtranslator/model/eventsources/pull.py,method,SelfManagedKafka,get_secret_key,C,13,740,785
samtranslator/utils/py27hash_fix.py,method,Py27Keys,_get_key_idx,C,13,188,217
samtranslator/model/sam_resources.py,method,SamConnector,generate_resources,C,14,2456,2543
samtranslator/model/api/api_generator.py,method,ApiGenerator,_construct_rest_api,C,14,287,348
samtranslator/model/eventsources/push.py,method,HttpApi,_add_auth_to_openapi_integration,C,14,1495,1560
samtranslator/model/sam_resources.py,method,SamFunction,_construct_code_dict,C,15,1058,1114
samtranslator/model/__init__.py,method,SamResourceMacro,validate_before_transform,C,15,718,754
samtranslator/swagger/swagger.py,method,SwaggerEditor,add_lambda_integration,C,15,121,179
samtranslator/swagger/swagger.py,method,SwaggerEditor,set_path_default_authorizer,C,15,532,619
samtranslator/model/api/api_generator.py,method,ApiGenerator,_construct_api_domain_v2,C,16,620,730
samtranslator/model/api/api_generator.py,method,ApiGenerator,_add_cors,C,16,945,1017
samtranslator/swagger/swagger.py,method,SwaggerEditor,_add_vpc_resource_policy_for_method,C,16,1077,1143
samtranslator/model/sam_resources.py,method,SamFunction,_construct_version,C,17,1130,1230
samtranslator/model/api/api_generator.py,method,ApiGenerator,_construct_usage_plan,C,17,1088,1171
samtranslator/model/eventsources/pull.py,method,PullEventSource,_link_policy,C,18,244,272
samtranslator/model/sam_resources.py,method,SamFunction,to_cloudformation,C,19,302,431
samtranslator/translator/translator.py,method,Translator,translate,C,19,105,247
samtranslator/model/api/apiv2_generator.py,method,ApiV2Generator,_construct_api_domain,C,20,57,156
samtranslator/model/eventsources/pull.py,method,PullEventSource,to_cloudformation,C,20,116,242
samtranslator/model/eventsources/push.py,method,Api,add_auth_to_swagger,C,20,1077,1152
samtranslator/model/api/api_generator.py,method,ApiGenerator,_openapi_postprocess,D,21,1349,1436
samtranslator/utils/py27hash_fix.py,function,,to_py27_compatible_template,D,23,23,96
samtranslator/utils/py27hash_fix.py,function,,_template_has_httpapi_resource_with_default_authorizer,D,23,629,661
samtranslator/model/api/api_generator.py,method,ApiGenerator,_construct_api_domain,D,27,484,618
samtranslator/model/eventsources/push.py,method,Api,_add_swagger_integration,E,32,851,1029
