arquivo,escopo,nome,h1,h2,N1,N2,vocabulary,length,calculated_length,volume,difficulty,effort,time,bugs
samtranslator/compat.py,arquivo,,0,0,0,0,0,0,0,0,0,0,0,0
samtranslator/__init__.py,arquivo,,0,0,0,0,0,0,0,0,0,0,0,0
samtranslator/feature_toggle/__init__.py,arquivo,,0,0,0,0,0,0,0,0,0,0,0,0
samtranslator/internal/deprecation_control.py,arquivo,,0,0,0,0,0,0,0,0,0,0,0,0
samtranslator/internal/types.py,arquivo,,0,0,0,0,0,0,0,0,0,0,0,0
samtranslator/internal/__init__.py,arquivo,,0,0,0,0,0,0,0,0,0,0,0,0
samtranslator/internal/model/__init__.py,arquivo,,0,0,0,0,0,0,0,0,0,0,0,0
samtranslator/internal/schema_source/any_cfn_resource.py,arquivo,,0,0,0,0,0,0,0,0,0,0,0,0
samtranslator/internal/schema_source/__init__.py,arquivo,,0,0,0,0,0,0,0,0,0,0,0,0
samtranslator/internal/utils/__init__.py,arquivo,,0,0,0,0,0,0,0,0,0,0,0,0
samtranslator/intrinsics/__init__.py,arquivo,,0,0,0,0,0,0,0,0,0,0,0,0
samtranslator/metrics/__init__.py,arquivo,,0,0,0,0,0,0,0,0,0,0,0,0
samtranslator/model/architecture.py,arquivo,,0,0,0,0,0,0,0,0,0,0,0,0
samtranslator/model/cloudformation.py,arquivo,,0,0,0,0,0,0,0,0,0,0,0,0
samtranslator/model/codedeploy.py,arquivo,,0,0,0,0,0,0,0,0,0,0,0,0
samtranslator/model/cognito.py,arquivo,,0,0,0,0,0,0,0,0,0,0,0,0
samtranslator/model/dynamodb.py,arquivo,,0,0,0,0,0,0,0,0,0,0,0,0
samtranslator/model/iot.py,arquivo,,0,0,0,0,0,0,0,0,0,0,0,0
samtranslator/model/log.py,arquivo,,0,0,0,0,0,0,0,0,0,0,0,0
samtranslator/model/naming.py,arquivo,,0,0,0,0,0,0,0,0,0,0,0,0
samtranslator/model/packagetype.py,arquivo,,0,0,0,0,0,0,0,0,0,0,0,0
samtranslator/model/s3.py,arquivo,,0,0,0,0,0,0,0,0,0,0,0,0
samtranslator/model/sns.py,arquivo,,0,0,0,0,0,0,0,0,0,0,0,0
samtranslator/model/sqs.py,arquivo,,0,0,0,0,0,0,0,0,0,0,0,0
samtranslator/model/api/__init__.py,arquivo,,0,0,0,0,0,0,0,0,0,0,0,0
samtranslator/model/capacity_provider/__init__.py,arquivo,,0,0,0,0,0,0,0,0,0,0,0,0
samtranslator/model/cfn_attributes/deletion_policy.py,arquivo,,0,0,0,0,0,0,0,0,0,0,0,0
samtranslator/model/cfn_attributes/__init__.py,arquivo,,0,0,0,0,0,0,0,0,0,0,0,0
samtranslator/model/connector/__init__.py,arquivo,,0,0,0,0,0,0,0,0,0,0,0,0
samtranslator/model/connector_profiles/__init__.py,arquivo,,0,0,0,0,0,0,0,0,0,0,0,0
samtranslator/model/eventsources/__init__.py,arquivo,,0,0,0,0,0,0,0,0,0,0,0,0
samtranslator/model/preferences/__init__.py,arquivo,,0,0,0,0,0,0,0,0,0,0,0,0
samtranslator/model/role_utils/__init__.py,arquivo,,0,0,0,0,0,0,0,0,0,0,0,0
samtranslator/model/s3_utils/__init__.py,arquivo,,0,0,0,0,0,0,0,0,0,0,0,0
samtranslator/model/stepfunctions/__init__.py,arquivo,,0,0,0,0,0,0,0,0,0,0,0,0
samtranslator/model/tags/__init__.py,arquivo,,0,0,0,0,0,0,0,0,0,0,0,0
samtranslator/open_api/__init__.py,arquivo,,0,0,0,0,0,0,0,0,0,0,0,0
samtranslator/parser/__init__.py,arquivo,,0,0,0,0,0,0,0,0,0,0,0,0
samtranslator/plugins/exceptions.py,arquivo,,0,0,0,0,0,0,0,0,0,0,0,0
samtranslator/plugins/api/__init__.py,arquivo,,0,0,0,0,0,0,0,0,0,0,0,0
samtranslator/plugins/application/__init__.py,arquivo,,0,0,0,0,0,0,0,0,0,0,0,0
samtranslator/plugins/globals/globals_plugin.py,arquivo,,0,0,0,0,0,0,0,0,0,0,0,0
samtranslator/plugins/globals/__init__.py,arquivo,,0,0,0,0,0,0,0,0,0,0,0,0
samtranslator/plugins/policies/__init__.py,arquivo,,0,0,0,0,0,0,0,0,0,0,0,0
samtranslator/policy_template_processor/exceptions.py,arquivo,,0,0,0,0,0,0,0,0,0,0,0,0
samtranslator/policy_template_processor/__init__.py,arquivo,,0,0,0,0,0,0,0,0,0,0,0,0
samtranslator/public/exceptions.py,arquivo,,0,0,0,0,0,0,0,0,0,0,0,0
samtranslator/public/intrinsics.py,arquivo,,0,0,0,0,0,0,0,0,0,0,0,0
samtranslator/public/models.py,arquivo,,0,0,0,0,0,0,0,0,0,0,0,0
samtranslator/public/open_api.py,arquivo,,0,0,0,0,0,0,0,0,0,0,0,0
samtranslator/public/parser.py,arquivo,,0,0,0,0,0,0,0,0,0,0,0,0
samtranslator/public/plugins.py,arquivo,,0,0,0,0,0,0,0,0,0,0,0,0
samtranslator/public/swagger.py,arquivo,,0,0,0,0,0,0,0,0,0,0,0,0
samtranslator/public/translator.py,arquivo,,0,0,0,0,0,0,0,0,0,0,0,0
samtranslator/public/__init__.py,arquivo,,0,0,0,0,0,0,0,0,0,0,0,0
samtranslator/public/sdk/parameter.py,arquivo,,0,0,0,0,0,0,0,0,0,0,0,0
samtranslator/public/sdk/resource.py,arquivo,,0,0,0,0,0,0,0,0,0,0,0,0
samtranslator/public/sdk/template.py,arquivo,,0,0,0,0,0,0,0,0,0,0,0,0
samtranslator/public/sdk/__init__.py,arquivo,,0,0,0,0,0,0,0,0,0,0,0,0
samtranslator/sdk/__init__.py,arquivo,,0,0,0,0,0,0,0,0,0,0,0,0
samtranslator/swagger/__init__.py,arquivo,,0,0,0,0,0,0,0,0,0,0,0,0
samtranslator/third_party/__init__.py,arquivo,,0,0,0,0,0,0,0,0,0,0,0,0
samtranslator/third_party/py27hash/__init__.py,arquivo,,0,0,0,0,0,0,0,0,0,0,0,0
samtranslator/translator/transform.py,arquivo,,0,0,0,0,0,0,0,0,0,0,0,0
samtranslator/translator/__init__.py,arquivo,,0,0,0,0,0,0,0,0,0,0,0,0
samtranslator/utils/constants.py,arquivo,,0,0,0,0,0,0,0,0,0,0,0,0
samtranslator/utils/traverse.py,arquivo,,0,0,0,0,0,0,0,0,0,0,0,0
samtranslator/utils/types.py,arquivo,,0,0,0,0,0,0,0,0,0,0,0,0
samtranslator/utils/__init__.py,arquivo,,0,0,0,0,0,0,0,0,0,0,0,0
samtranslator/validator/__init__.py,arquivo,,0,0,0,0,0,0,0,0,0,0,0,0
samtranslator/validator/sam_schema/definitions/__init__.py,arquivo,,0,0,0,0,0,0,0,0,0,0,0,0
samtranslator/model/eventsources/cloudwatchlogs.py,arquivo,,1,1,1,1,2,2,0,2.0,0.5,1.0,0.0556,0.0007
samtranslator/plugins/api/implicit_rest_api_plugin.py,arquivo,,1,1,1,1,2,2,0,2.0,0.5,1.0,0.0556,0.0007
samtranslator/translator/logical_id_generator.py,arquivo,,1,1,1,1,2,2,0,2.0,0.5,1.0,0.0556,0.0007
samtranslator/internal/utils/utils.py,arquivo,,1,2,1,2,3,3,2.0,4.7549,0.5,2.3774,0.1321,0.0016
samtranslator/model/xray_utils.py,arquivo,,1,2,1,2,3,3,2.0,4.7549,0.5,2.3774,0.1321,0.0016
samtranslator/plugins/__init__.py,arquivo,,1,2,1,2,3,3,2.0,4.7549,0.5,2.3774,0.1321,0.0016
samtranslator/internal/managed_policies.py,arquivo,,1,4,2,4,5,6,8.0,13.9316,0.5,6.9658,0.387,0.0046
samtranslator/policy_templates_data/__init__.py,arquivo,,1,3,2,4,4,6,4.7549,12.0,0.6667,8.0,0.4444,0.004
samtranslator/validator/sam_schema/__init__.py,arquivo,,1,3,2,4,4,6,4.7549,12.0,0.6667,8.0,0.4444,0.004
samtranslator/feature_toggle/dialup.py,arquivo,,2,4,2,4,6,6,10.0,15.5098,1.0,15.5098,0.8617,0.0052
samtranslator/metrics/metrics.py,arquivo,,2,4,2,4,6,6,10.0,15.5098,1.0,15.5098,0.8617,0.0052
samtranslator/translator/managed_policy_translator.py,arquivo,,2,4,2,4,6,6,10.0,15.5098,1.0,15.5098,0.8617,0.0052
samtranslator/model/route53.py,arquivo,,1,4,3,6,5,9,8.0,20.8974,0.75,15.673,0.8707,0.007
samtranslator/policy_template_processor/processor.py,arquivo,,2,4,3,4,6,7,10.0,18.0947,1.0,18.0947,1.0053,0.006
samtranslator/model/tags/resource_tagging.py,arquivo,,2,3,2,4,5,6,6.7549,13.9316,1.3333,18.5754,1.032,0.0046
samtranslator/utils/cfn_dynamic_references.py,arquivo,,2,5,2,5,7,7,13.6096,19.6515,1.0,19.6515,1.0917,0.0066
samtranslator/internal/intrinsics.py,arquivo,,2,5,4,5,7,9,13.6096,25.2662,1.0,25.2662,1.4037,0.0084
samtranslator/internal/schema_source/aws_serverless_application.py,arquivo,,1,3,4,8,4,12,4.7549,24.0,1.3333,32.0,1.7778,0.008
samtranslator/model/types.py,arquivo,,2,6,5,6,8,11,17.5098,33.0,1.0,33.0,1.8333,0.011
samtranslator/model/iam.py,arquivo,,1,12,6,12,13,18,43.0196,66.6079,0.5,33.304,1.8502,0.0222
samtranslator/model/capacity_provider/resources.py,arquivo,,1,7,6,12,8,18,19.6515,54.0,0.8571,46.2857,2.5714,0.018
samtranslator/model/update_policy.py,arquivo,,3,5,3,6,8,9,16.3645,27.0,1.8,48.6,2.7,0.009
samtranslator/plugins/api/default_definition_body_plugin.py,arquivo,,3,5,4,7,8,11,16.3645,33.0,2.1,69.3,3.85,0.011
samtranslator/plugins/policies/policy_templates_plugin.py,arquivo,,4,7,4,7,11,11,27.6515,38.0537,2.0,76.1075,4.2282,0.0127
samtranslator/model/events.py,arquivo,,3,10,5,10,13,15,37.9742,55.5066,1.5,83.2599,4.6255,0.0185
samtranslator/metrics/method_decorator.py,arquivo,,4,8,4,8,12,12,32.0,43.0196,2.0,86.0391,4.78,0.0143
samtranslator/validator/value_validator.py,arquivo,,4,8,5,8,12,13,32.0,46.6045,2.0,93.209,5.1783,0.0155
samtranslator/model/stepfunctions/resources.py,arquivo,,1,8,9,18,9,27,24.0,85.588,1.125,96.2865,5.3492,0.0285
samtranslator/model/preferences/deployment_preference.py,arquivo,,4,7,5,8,11,13,27.6515,44.9726,2.2857,102.7945,5.7108,0.015
samtranslator/yaml_helper.py,arquivo,,4,6,4,8,10,12,23.5098,39.8631,2.6667,106.3017,5.9056,0.0133
samtranslator/sdk/resource.py,arquivo,,4,8,5,9,12,14,32.0,50.1895,2.25,112.9263,6.2737,0.0167
samtranslator/plugins/api/implicit_http_api_plugin.py,arquivo,,4,8,6,9,12,15,32.0,53.7744,2.25,120.9925,6.7218,0.0179
samtranslator/parser/parser.py,arquivo,,4,10,6,10,14,16,41.2193,60.9177,2.0,121.8354,6.7686,0.0203
samtranslator/internal/schema_source/aws_serverless_simpletable.py,arquivo,,1,7,10,20,8,30,19.6515,90.0,1.4286,128.5714,7.1429,0.03
samtranslator/internal/schema_source/aws_serverless_layerversion.py,arquivo,,1,4,9,18,5,27,8.0,62.6921,2.25,141.0571,7.8365,0.0209
samtranslator/model/scheduler.py,arquivo,,1,2,8,16,3,24,2.0,38.0391,4.0,152.1564,8.4531,0.0127
samtranslator/internal/schema_source/aws_serverless_connector.py,arquivo,,1,4,10,20,5,30,8.0,69.6578,2.5,174.1446,9.6747,0.0232
samtranslator/intrinsics/resource_refs.py,arquivo,,4,10,8,12,14,20,41.2193,76.1471,2.4,182.753,10.1529,0.0254
samtranslator/model/exceptions.py,arquivo,,4,11,7,13,15,20,46.0537,78.1378,2.3636,184.6894,10.2605,0.026
samtranslator/internal/schema_source/common.py,arquivo,,2,6,8,16,8,24,17.5098,72.0,2.6667,192.0,10.6667,0.024
samtranslator/sdk/template.py,arquivo,,5,11,6,12,16,18,49.6634,72.0,2.7273,196.3636,10.9091,0.024
samtranslator/translator/verify_logical_id.py,arquivo,,5,11,6,12,16,18,49.6634,72.0,2.7273,196.3636,10.9091,0.024
samtranslator/utils/utils.py,arquivo,,5,14,9,14,19,23,64.9126,97.7023,2.5,244.2558,13.5698,0.0326
samtranslator/region_configuration.py,arquivo,,5,10,8,13,15,21,44.8289,82.0447,3.25,266.6453,14.8136,0.0273
samtranslator/utils/actions.py,arquivo,,6,13,8,14,19,22,63.6155,93.4544,3.2308,301.9296,16.7739,0.0312
samtranslator/feature_toggle/feature_toggle.py,arquivo,,4,12,10,17,16,27,51.0196,108.0,2.8333,306.0,17.0,0.036
samtranslator/plugins/sam_plugins.py,arquivo,,6,15,10,15,21,25,74.1131,109.8079,3.0,329.4238,18.3013,0.0366
samtranslator/translator/arn_generator.py,arquivo,,5,14,10,18,19,28,64.9126,118.942,3.2143,382.3135,21.2396,0.0396
samtranslator/sdk/parameter.py,arquivo,,6,17,10,18,23,28,84.9966,126.6597,3.1765,402.3309,22.3517,0.0422
samtranslator/internal/schema_source/aws_serverless_capacity_provider.py,arquivo,,1,14,24,48,15,72,53.303,281.2961,1.7143,482.2219,26.7901,0.0938
samtranslator/policy_template_processor/template.py,arquivo,,7,18,10,19,25,29,94.7101,134.6718,3.6944,497.5376,27.641,0.0449
samtranslator/intrinsics/resolver.py,arquivo,,6,22,14,23,28,37,113.6173,177.8721,3.1364,557.8717,30.9929,0.0593
samtranslator/model/lambda_.py,arquivo,,1,33,35,70,34,105,166.465,534.1836,1.0606,566.5584,31.4755,0.1781
samtranslator/model/resource_policies.py,arquivo,,6,23,12,25,29,37,119.5517,179.7453,3.2609,586.126,32.5626,0.0599
samtranslator/model/connector_profiles/profile.py,arquivo,,7,16,11,21,23,32,83.6515,144.754,4.5938,664.9636,36.9424,0.0483
samtranslator/model/role_utils/role_constructor.py,arquivo,,6,19,14,24,25,38,96.2204,176.4665,3.7895,668.7153,37.1508,0.0588
samtranslator/validator/validator.py,arquivo,,7,25,14,25,32,39,135.7479,195.0,3.5,682.5,37.9167,0.065
samtranslator/model/capacity_provider/generators.py,arquivo,,6,27,16,31,33,47,143.8917,237.0865,3.4444,816.6314,45.3684,0.079
samtranslator/model/s3_utils/uri_parser.py,arquivo,,7,30,16,30,37,46,166.8582,239.6349,3.5,838.722,46.5957,0.0799
samtranslator/model/eventbridge_utils.py,arquivo,,7,21,15,27,28,42,111.8902,201.9089,4.5,908.5901,50.4772,0.0673
samtranslator/internal/model/appsync.py,arquivo,,1,17,38,76,18,114,69.4869,475.3715,2.2353,1062.595,59.0331,0.1585
samtranslator/internal/schema_source/schema.py,arquivo,,5,11,14,28,16,42,49.6634,168.0,6.3636,1069.0909,59.3939,0.056
samtranslator/open_api/base_editor.py,arquivo,,7,33,22,34,40,56,186.1165,298.028,3.6061,1074.7069,59.7059,0.0993
samtranslator/model/preferences/deployment_preference_collection.py,arquivo,,7,41,23,42,48,65,239.3111,363.0226,3.5854,1301.5687,72.3094,0.121
samtranslator/model/connector/connector.py,arquivo,,8,43,27,47,51,74,257.3294,419.7595,4.3721,1835.2275,101.9571,0.1399
samtranslator/plugins/globals/globals.py,arquivo,,7,47,31,56,54,87,280.7172,500.6752,4.1702,2087.9222,115.9957,0.1669
samtranslator/internal/schema_source/aws_serverless_httpapi.py,arquivo,,1,33,70,140,34,210,166.465,1068.3672,2.1212,2266.2334,125.9019,0.3561
samtranslator/internal/schema_source/aws_serverless_websocketapi.py,arquivo,,1,17,59,118,18,177,69.4869,738.0767,3.4706,2561.5604,142.3089,0.246
samtranslator/internal/schema_source/aws_serverless_graphqlapi.py,arquivo,,1,27,73,146,28,219,128.382,1052.8107,2.7037,2846.4883,158.1382,0.3509
samtranslator/third_party/py27hash/hash.py,arquivo,,9,44,31,56,53,87,268.7443,498.3291,5.7273,2854.0665,158.5593,0.1661
samtranslator/translator/translator.py,arquivo,,10,57,33,59,67,92,365.694,558.0802,5.1754,2888.3098,160.4617,0.186
samtranslator/model/stepfunctions/generators.py,arquivo,,10,44,32,54,54,86,273.4343,494.9203,6.1364,3037.0111,168.7228,0.165
samtranslator/internal/schema_source/aws_serverless_statemachine.py,arquivo,,1,28,79,158,29,237,134.6059,1151.3415,2.8214,3248.4278,180.4682,0.3838
samtranslator/model/eventsources/scheduler.py,arquivo,,7,32,32,62,39,94,179.6515,496.8278,6.7812,3369.1136,187.173,0.1656
samtranslator/open_api/open_api.py,arquivo,,9,76,45,78,85,123,503.3718,788.3551,4.6184,3640.9557,202.2753,0.2628
samtranslator/model/apigatewayv2.py,arquivo,,9,49,37,67,58,104,303.6501,609.23,6.1531,3748.6296,208.2572,0.2031
samtranslator/model/intrinsics.py,arquivo,,13,52,30,58,65,88,344.5286,529.9684,7.25,3842.2707,213.4595,0.1767
samtranslator/plugins/application/serverless_app_plugin.py,arquivo,,11,66,39,73,77,112,436.9838,701.8801,6.0833,4269.7706,237.2095,0.234
samtranslator/model/api/apiv2_generator.py,arquivo,,11,52,36,70,63,106,334.4766,633.5917,7.4038,4691.0153,260.612,0.2112
samtranslator/plugins/api/implicit_api_plugin.py,arquivo,,10,86,48,91,96,139,585.878,915.3098,5.2907,4842.6274,269.0349,0.3051
samtranslator/model/api/websocket_api_generator.py,arquivo,,10,83,51,96,93,147,562.3476,961.2563,5.7831,5559.0728,308.8374,0.3204
samtranslator/intrinsics/actions.py,arquivo,,11,88,59,95,99,154,606.4837,1020.9209,5.9375,6061.718,336.7621,0.3403
samtranslator/model/api/http_api_generator.py,arquivo,,10,93,66,103,103,169,641.3611,1130.0186,5.5376,6257.6298,347.6461,0.3767
samtranslator/internal/schema_source/aws_serverless_api.py,arquivo,,1,59,145,290,60,435,347.0759,2569.4974,2.4576,6314.8665,350.8259,0.8565
samtranslator/model/stepfunctions/events.py,arquivo,,6,42,52,104,48,156,241.9871,871.2542,7.4286,6472.1737,359.5652,0.2904
samtranslator/model/__init__.py,arquivo,,14,139,85,154,153,239,1042.8358,1734.5157,7.7554,13451.8555,747.3253,0.5782
samtranslator/model/apigateway.py,arquivo,,11,93,84,155,104,239,646.1955,1601.4051,9.1667,14679.5467,815.5304,0.5338
samtranslator/internal/schema_source/aws_serverless_function.py,arquivo,,1,96,316,632,97,948,632.1564,6256.7174,3.2917,20595.028,1144.1682,2.0856
samtranslator/model/eventsources/pull.py,arquivo,,12,148,116,212,160,328,1110.0186,2401.5924,8.5946,20640.7132,1146.7063,0.8005
samtranslator/swagger/swagger.py,arquivo,,12,221,148,255,233,403,1764.146,3169.267,6.9231,21941.0793,1218.9489,1.0564
samtranslator/model/api/api_generator.py,arquivo,,11,275,190,341,286,531,2266.4579,4332.8917,6.82,29550.3213,1641.6845,1.4443
samtranslator/utils/py27hash_fix.py,arquivo,,19,189,113,228,208,341,1509.9744,2625.8499,11.4603,30093.074,1671.8374,0.8753
samtranslator/model/eventsources/push.py,arquivo,,11,255,224,403,266,627,2076.6139,5050.6621,8.6922,43901.1471,2438.9526,1.6836
samtranslator/model/sam_resources.py,arquivo,,12,466,397,749,478,1146,4173.7303,10200.3934,9.6438,98370.3171,5465.0176,3.4001
